label,original_text,attacked_text,status
0,not an objectionable or dull film ; it merely lacks everything except good intentions . ,not an objectionable r dull film ; it merely cacks everthincg except good intentions .,"{'total_alterations': 4, 'delete': 2, 'replace': 1, 'insert': 1}"
1,"not far beneath the surface , this reconfigured tale asks disturbing questions about those things we expect from military epics . ","nwot far beneath the surface , his recozfigured tale asks disturbing questions about tgose things we expect fro military epics .","{'total_alterations': 5, 'delete': 2, 'replace': 2, 'insert': 1}"
0,a dumb movie with dumb characters doing dumb things and you have to be really dumb not to see where this is going . ,a dumb movil with dumb characters doing dumb thingos and yu have to be really dumb not t see where this is going .,"{'total_alterations': 5, 'delete': 2, 'replace': 2, 'insert': 1}"
1,"the special effects and many scenes of weightlessness look as good or better than in the original , while the oscar-winning sound and james horner 's rousing score make good use of the hefty audio system . ","the special effectj and many scenesd of weightlessness look as gfod or better tthan in the original , while the oscar-winning sound and jaes horne 's rousing score make gvod use of the hefty audio system ","{'total_alterations': 8, 'delete': 3, 'replace': 3, 'insert': 2}"
0,teen movies have really hit the skids . ,teein movies have really hit hthe skids .,"{'total_alterations': 2, 'delete': 0, 'replace': 0, 'insert': 2}"
1,a quiet treasure -- a film to be savored . ,a quie treasure -- a fil to be savored .,"{'total_alterations': 2, 'delete': 2, 'replace': 0, 'insert': 0}"
0,villeneuve spends too much time wallowing in bibi 's generic angst ( there are a lot of shots of her gazing out windows ) . ,villeneuve spends too much tme wallowing in bqibi 's generic angst ( thereo are a lot of shots ol her gazing out windows x .,"{'total_alterations': 5, 'delete': 1, 'replace': 2, 'insert': 2}"
1,"it has charm to spare , and unlike many romantic comedies , it does not alienate either gender in the audience . ","it has charm o spare , and unlike vmany romantic comedies , iq does not lienate either gender in the audience m","{'total_alterations': 5, 'delete': 2, 'replace': 2, 'insert': 1}"
1,"though only 60 minutes long , the film is packed with information and impressions . ",though only 60 minutes long  the film is packed with informaton an impressions .,"{'total_alterations': 3, 'delete': 3, 'replace': 0, 'insert': 0}"
1,dense with characters and contains some thrilling moments . ,dense with cuarqcters and containst some thrilling moments .,"{'total_alterations': 3, 'delete': 0, 'replace': 2, 'insert': 1}"
0,too much of the humor falls flat . ,too much of he humor falls flat .,"{'total_alterations': 1, 'delete': 1, 'replace': 0, 'insert': 0}"
1,it 's a work by an artist so in control of both his medium and his message that he can improvise like a jazzman . ,it s a wohrk by an artist so in control of both his medium and his message thata he an improvise like a jazzman .,"{'total_alterations': 4, 'delete': 2, 'replace': 0, 'insert': 2}"
0,"it 's not original , and , robbed of the element of surprise , it does n't have any huge laughs in its story of irresponsible cops who love to play pranks . ","it 's not original , yand , robbed o the elemen of surprise , it does n't have any huoe laughs in its story of irresponsible cops wwho lve to play pranks .","{'total_alterations': 6, 'delete': 3, 'replace': 1, 'insert': 2}"
1,"a swashbuckling tale of love , betrayal , revenge and above all , faith . ","a swashbuckring tale cf love , betrayal , revenge and above cll , faith .","{'total_alterations': 3, 'delete': 0, 'replace': 3, 'insert': 0}"
1,"an interesting story with a pertinent ( cinematically unique ) message , told fairly well and scored to perfection , i found myself struggling to put my finger on that elusive `` missing thing . '' ","an interesting qstory bwith a pertinent ( cinematically unique ) message , told fairls well ad scored to perfection , i found myself struggling to hput y finoer on that eluive `` missing thing . ''","{'total_alterations': 8, 'delete': 3, 'replace': 2, 'insert': 3}"
0,"the man from elysian fields is a cold , bliss-less work that groans along thinking itself some important comment on how life throws us some beguiling curves . ","the maa ffrom elysian fiolds is  ocold , bliss-less work that groans among thinking itself some important comment on how life throws us some beguilindg curves .","{'total_alterations': 7, 'delete': 1, 'replace': 3, 'insert': 3}"
0,"perceptive in its vision of nascent industrialized world politics as a new art form , but far too clunky , didactic and saddled with scenes that seem simply an ill fit for this movie . ","perceptive in its isin of nascent industrialized world politics as a new art formx , but far too clunkz , didactic and saddled with scees that seem simply an ill fit fr thisf movie ","{'total_alterations': 8, 'delete': 5, 'replace': 1, 'insert': 2}"
0,it made me want to wrench my eyes out of my head and toss them at the screen . ,it fmade me wanth to wrench my eyes out of my head and toss them at the screen .,"{'total_alterations': 3, 'delete': 0, 'replace': 1, 'insert': 2}"
1,"a must-see for the david mamet enthusiast and for anyone who appreciates intelligent , stylish moviemaking . ","a must-sve for the david mamet enthuhiast and fou anyone who appreciates intelligent , stylish moviemaking ","{'total_alterations': 5, 'delete': 1, 'replace': 4, 'insert': 0}"
1,"the weight of the piece , the unerring professionalism of the chilly production , and the fascination embedded in the lurid topic prove recommendation enough . ","the weight oe the iece , the unerring professionalism o the clhilly production , and the fascination ebedded in vthe lurid topic prove recommendation enough .","{'total_alterations': 7, 'delete': 3, 'replace': 2, 'insert': 2}"
1,puts a human face on a land most westerners are unfamiliar with . ,puts a human faqce on a land most westerners ae unfamiliar wijh .,"{'total_alterations': 3, 'delete': 1, 'replace': 1, 'insert': 1}"
1,"minority report is exactly what the title indicates , a report . ","miuority rebort is exactly what the title ndicates , a report .","{'total_alterations': 3, 'delete': 1, 'replace': 2, 'insert': 0}"
1,"good car chases , great fight scenes , and a distinctive blend of european , american and asian influences . ","good car chases  great fight scenes , ad a distinctive blend of european , american and asaan influences .","{'total_alterations': 4, 'delete': 3, 'replace': 0, 'insert': 1}"
1,"a gorgeous , high-spirited musical from india that exquisitely blends music , dance , song , and high drama . ","a orgeous , high-spinited musical from india that exquisitely blends music  dance , song , and high draea .","{'total_alterations': 4, 'delete': 2, 'replace': 2, 'insert': 0}"
0,"not only unfunny , but downright repellent . ","not only funffunny , but downright repellent .","{'total_alterations': 2, 'delete': 0, 'replace': 0, 'insert': 2}"
1,"( lawrence bounces ) all over the stage , dancing , running , sweating , mopping his face and generally displaying the wacky talent that brought him fame in the first place . ","( lawrence bounces ) all over phe stage , dancing , running , sweating m moppin his face and generally displaying hez wcky talent that brought him fame in the first place .","{'total_alterations': 7, 'delete': 4, 'replace': 1, 'insert': 2}"
0,"does n't offer much besides glib soullessness , raunchy language and a series of brutal set pieces ... that raise the bar on stylized screen violence . ","dos n't offer muxh besides glbb soullessness , raunchy language and a series of brutal set piecks ... that raise the bar on stylized scree volence .","{'total_alterations': 6, 'delete': 3, 'replace': 3, 'insert': 0}"
1,"a poignant , artfully crafted meditation on mortality . ","qa poignant , artfully crafted meditation ion mortality .","{'total_alterations': 2, 'delete': 0, 'replace': 0, 'insert': 2}"
0,"as ` chick flicks ' go , this one is pretty miserable , resorting to string-pulling rather than legitimate character development and intelligent plotting . ","as ` chick flicks ' go , this one ns pretty miserable , resoring to string-pulling rather tlhan legitimate caracter development atwd intelligent plottingj .","{'total_alterations': 7, 'delete': 2, 'replace': 2, 'insert': 3}"
1,it 's one heck of a character study -- not of hearst or davies but of the unique relationship between them . ,t 's one heck of a character study -- not ov hearst or daviues but of the unique relationhip between them .,"{'total_alterations': 4, 'delete': 2, 'replace': 1, 'insert': 1}"
0,it 's hampered by a lifetime-channel kind of plot and a lead actress who is out of her depth . ,it 's hamvpeed by a lifetime-channel kvnd of plot nd a lead actress who is out of her depth .,"{'total_alterations': 4, 'delete': 2, 'replace': 1, 'insert': 1}"
1,"what 's surprising about full frontal is that despite its overt self-awareness , parts of the movie still manage to break past the artifice and thoroughly engage you . ","what 's surprising about fll frontal is hat despite its overt self-awareness , partg of ohe movie still manage to break past them artifice and thoroughly engage you y.","{'total_alterations': 7, 'delete': 3, 'replace': 1, 'insert': 3}"
1,i just loved every minute of this film . ,i just loved every minute of this fil d,"{'total_alterations': 2, 'delete': 1, 'replace': 1, 'insert': 0}"
1,a woman 's pic directed with resonance by ilya chaiken . ,a woman 's pic directed with resonance br ilya chaiken y,"{'total_alterations': 2, 'delete': 0, 'replace': 2, 'insert': 0}"
0,a by-the-numbers patient/doctor pic that covers all the usual ground ,a by-the-numbers patient/doctor pic thyat covers all theo uiual ground,"{'total_alterations': 3, 'delete': 0, 'replace': 1, 'insert': 2}"
1,michael gerbosi 's script is economically packed with telling scenes . ,michael gerbosi 's scipt is economically packed wih tlling scenes .,"{'total_alterations': 3, 'delete': 3, 'replace': 0, 'insert': 0}"
1,"there 's something auspicious , and daring , too , about the artistic instinct that pushes a majority-oriented director like steven spielberg to follow a.i. with this challenging report so liable to unnerve the majority . ","there 'sm something auspicious , and daring , too , about the artistic instinyt twa pushes a majority-oriented director likre steven spielbbrg to follow a.i. with this challenging report so lible to unnerve the majpority .","{'total_alterations': 9, 'delete': 3, 'replace': 2, 'insert': 4}"
1,"... a fun little timewaster , helped especially by the cool presence of jean reno . ","c..v a fun little timewaster , helped especially by the cool presence oef jean reno .","{'total_alterations': 3, 'delete': 0, 'replace': 1, 'insert': 2}"
0,but it 's too long and too convoluted and it ends in a muddle . ,bt it 's too long and too convoluted and it endf in a muddle .,"{'total_alterations': 2, 'delete': 1, 'replace': 1, 'insert': 0}"
0,a valueless kiddie paean to pro basketball underwritten by the nba . ,a valueless kiddie payan tao pro basketall underwritten by the nba .,"{'total_alterations': 3, 'delete': 1, 'replace': 1, 'insert': 1}"
1,"a simple , but gritty and well-acted ensemble drama that encompasses a potent metaphor for a country still dealing with its fascist past . ","e sgimple , but gritty and well-acted ensemble drama that encompasses a potent metaphor for o country still dealing with it fascist pat h","{'total_alterations': 6, 'delete': 2, 'replace': 3, 'insert': 1}"
0,... a boring parade of talking heads and technical gibberish that will do little to advance the linux cause . ,... a boring pjsrade of talkiwg heads and technical gibberish that will co little to advance the linux cause .,"{'total_alterations': 4, 'delete': 0, 'replace': 3, 'insert': 1}"
1,"if you 're hard up for raunchy college humor , this is your ticket right here . ","if yvu 're hard up for raunchy colleg humor z, this is your ticket right here .","{'total_alterations': 3, 'delete': 1, 'replace': 1, 'insert': 1}"
0,the problem with this film is that it lacks focus . ,thed problem with this film i that it lacks focus .,"{'total_alterations': 2, 'delete': 1, 'replace': 0, 'insert': 1}"
0,"an absurdist comedy about alienation , separation and loss . ","an absurdist comedq about alienatiyn , separationo and loss .","{'total_alterations': 3, 'delete': 0, 'replace': 2, 'insert': 1}"
1,"a coda in every sense , the pinochet case splits time between a minute-by-minute account of the british court 's extradition chess game and the regime 's talking-head survivors . ",a coda in every sense z the pinochet cyasw splits tie between a minute-by-minute accoumt ok the british court 's extradition chess game and the regime 's tlking-head survivors .,"{'total_alterations': 7, 'delete': 2, 'replace': 4, 'insert': 1}"
1,"( t ) his beguiling belgian fable , very much its own droll and delicate little film , has some touching things to say about what is important in life and why . ","(  ) his beguiling belgian fable , very much its own droll and delicate litrtleo film c has some touching things to sal about whvat is important in life and why .","{'total_alterations': 6, 'delete': 1, 'replace': 2, 'insert': 3}"
0,it all feels like a monty python sketch gone horribly wrong . ,it all feels like a mojnty pythkon sketch gone horribly wrong .,"{'total_alterations': 2, 'delete': 0, 'replace': 0, 'insert': 2}"
1,"awesome creatures , breathtaking scenery , and epic battle scenes add up to another ` spectacular spectacle . ' ","awesome creatures , breathtaking scenery , axn epic battl scenes add up to another ` spectacular spectacle g. 'd","{'total_alterations': 5, 'delete': 2, 'replace': 0, 'insert': 3}"
0,"on the whole , the movie lacks wit , feeling and believability to compensate for its incessant coarseness and banality . ","on the whole , he movi laks wit , feeling and believability to compensate for its incessant corseness and banality .d","{'total_alterations': 5, 'delete': 4, 'replace': 0, 'insert': 1}"
1,"based on a devilishly witty script by heather mcgowan and niels mueller , the film gets great laughs , but never at the expense of its characters ","baspd on a devilishly wictty script by heathe mcgowan and niels mueller e the iilm ets great laughs , but never at the expense of its characters","{'total_alterations': 6, 'delete': 2, 'replace': 3, 'insert': 1}"
0,"dragonfly has no atmosphere , no tension -- nothing but costner , flailing away . ","dragonfly has no atmospohere , no tensiot -- nothing but costner , flailing away j","{'total_alterations': 3, 'delete': 0, 'replace': 2, 'insert': 1}"
1,"martin and barbara are complex characters -- sometimes tender , sometimes angry -- and the delicate performances by sven wollter and viveka seldahl make their hopes and frustrations vivid . ",martin and brbara are complex characters -v sometimes tender  sometimes angry -- anp he delicate performances y yven wollter and viveka seldah make their hopes and frustrations vivid .,"{'total_alterations': 8, 'delete': 5, 'replace': 3, 'insert': 0}"
1,"the vitality of the actors keeps the intensity of the film high , even as the strafings blend together . ","the vitality o the actorse keeps thh intensity ofs the film high , even as the strafings blend together .","{'total_alterations': 4, 'delete': 1, 'replace': 1, 'insert': 2}"
1,there 's a wickedly subversive bent to the best parts of birthday girl . ,there 's a wickedly subvqersive bent to th best partjs of birthday girl .,"{'total_alterations': 3, 'delete': 1, 'replace': 0, 'insert': 2}"
0,"once ( kim ) begins to overplay the shock tactics and bait-and-tackle metaphors , you may decide it 's too high a price to pay for a shimmering picture postcard . ","once (t kim ) begins to overplay the sock tactics and bait-and-tackle metaphors , you may decide tt 's too hifh ya price to pa for a shimmering picture postcard y.","{'total_alterations': 7, 'delete': 2, 'replace': 2, 'insert': 3}"
1,"an entertaining , colorful , action-filled crime story with an intimate heart . ","an entertaining , colorful , action-filled crime stkry with ac inimate heart .","{'total_alterations': 3, 'delete': 1, 'replace': 2, 'insert': 0}"
1,it deserves to be seen by anyone with even a passing interest in the events shaping the world beyond their own horizons . ,it deserves to be seen by anyone with even a pasjin interest vin the evnts shaping the world beyond their own horizonsb .,"{'total_alterations': 5, 'delete': 2, 'replace': 1, 'insert': 2}"
1,an exquisitely crafted and acted tale . ,an exquisiteyy crafted and acted tale b,"{'total_alterations': 2, 'delete': 0, 'replace': 2, 'insert': 0}"
1,"looking aristocratic , luminous yet careworn in jane hamilton 's exemplary costumes , rampling gives a performance that could not be improved upon . ' ","looking aristocratic  luminous yet careworn in jane hamioton 's exemplary costumes , rampling gives g performance tha could njot be improved upon . '","{'total_alterations': 6, 'delete': 2, 'replace': 3, 'insert': 1}"
0,"schaeffer has to find some hook on which to hang his persistently useless movies , and it might as well be the resuscitation of the middle-aged character . ","schaeffer has to find soyme hook onx wmich tp hang his persistently useless movies p, and it might as well be the resuscitatin of the middle-aged character .","{'total_alterations': 6, 'delete': 1, 'replace': 2, 'insert': 3}"
0,"it showcases carvey 's talent for voices , but not nearly enough and not without taxing every drop of one 's patience to get to the good stuff . ","it showcases carvey 's talent for voices , but note nearlhy enough and not wikhout taxing very droop of one 's patience to get to thze good stuff .","{'total_alterations': 6, 'delete': 1, 'replace': 1, 'insert': 4}"
0,a science-fiction pastiche so lacking in originality that if you stripped away its inspirations there would be precious little left . ,a science-fiction pastiche sdo lackkng in originality that if you strippmed away its inspirations there would xbe precious litble left .b,"{'total_alterations': 6, 'delete': 0, 'replace': 2, 'insert': 4}"
0,"in exactly 89 minutes , most of which passed as slowly as if i 'd been sitting naked on an igloo , formula 51 sank from quirky to jerky to utter turkey . ","in exactly u9 minutes , most of which passed cs slowly as if i 'd been sitting naked onc an igloo , formula 51 sanrk frvm quirky to jerky to utkter turkey .","{'total_alterations': 6, 'delete': 0, 'replace': 3, 'insert': 3}"
1,"may be far from the best of the series , but it 's assured , wonderfully respectful of its past and thrilling enough to make it abundantly clear that this movie phenomenon has once again reinvented itself for a new generation . ","may be ar from the best oa the series , but t 's assured , wonderfulvy respectful of ies past and thrilling enough to make it abundantly clearw that this movie phenomenon has once again reinvented itself fr a npew geneation .","{'total_alterations': 9, 'delete': 4, 'replace': 3, 'insert': 2}"
0,"ultimately feels empty and unsatisfying , like swallowing a communion wafer without the wine . ","ultimately fesls empty and unsatiwfying , like swallowing a communion wafr without the wine ","{'total_alterations': 4, 'delete': 2, 'replace': 2, 'insert': 0}"
0,what the director ca n't do is make either of val kilmer 's two personas interesting or worth caring about . ,what the director ca n't do is make eigher o val kilmer h'j two personas interesting or worth caring about .,"{'total_alterations': 4, 'delete': 1, 'replace': 2, 'insert': 1}"
0,the heavy-handed film is almost laughable as a consequence . ,thej heavy-handed film ih almos laughable as a consequence .,"{'total_alterations': 3, 'delete': 1, 'replace': 1, 'insert': 1}"
0,an unclassifiably awful study in self - and audience-abuse . ,an unclassifibably awful suudy sin self - and audience-abuse .,"{'total_alterations': 3, 'delete': 0, 'replace': 1, 'insert': 2}"
0,no way i can believe this load of junk . ,no way i can believe jgthis load of junk .,"{'total_alterations': 2, 'delete': 0, 'replace': 0, 'insert': 2}"
1,"a gorgeous , witty , seductive movie . ","a gorgeous ,q witty ,p seductive movie .","{'total_alterations': 2, 'delete': 0, 'replace': 0, 'insert': 2}"
0,there are plot holes big enough for shamu the killer whale to swim through . ,there are pvlot holes big enough for shamu the killer whale to wm through .,"{'total_alterations': 3, 'delete': 2, 'replace': 0, 'insert': 1}"
0,or emptying rat traps . ,or emptying rat trapls .,"{'total_alterations': 1, 'delete': 0, 'replace': 0, 'insert': 1}"
0,"for close to two hours the audience is forced to endure three terminally depressed , mostly inarticulate , hyper dysfunctional families for the price of one . ","for close ito two hours the audience is forced to endure three termidnally depressed , mostly inarticulate  hyper dsfunctkional families osr the price of one .","{'total_alterations': 7, 'delete': 3, 'replace': 0, 'insert': 4}"
1,"dazzles with its fully-written characters , its determined stylishness ( which always relates to characters and story ) and johnny dankworth 's best soundtrack in years . ","dazzles wit its fully-wrtten charavters , its determined stylishness ( which always relates o characters and story ) annd johnny dankuworth 's best soundtranck in years .","{'total_alterations': 7, 'delete': 3, 'replace': 1, 'insert': 3}"
0,"determined to be fun , and bouncy , with energetic musicals , the humor did n't quite engage this adult . ","determined to be fun , and bouncy v, with energetic musicals  the humor did n't quite engage this adblt ","{'total_alterations': 4, 'delete': 2, 'replace': 1, 'insert': 1}"
0,"it 's inoffensive , cheerful , built to inspire the young people , set to an unending soundtrack of beach party pop numbers and aside from its remarkable camerawork and awesome scenery , it 's about as exciting as a sunburn . ","it 's inoffensive d cheerful , built to inspire the young people , set to an unending soeundtrack of beach party opa numbers anl aside from its remarkable camerawork nd awesome scenery , it 's about s excting as a sunburn b","{'total_alterations': 9, 'delete': 4, 'replace': 3, 'insert': 2}"
1,griffiths proves she 's that rare luminary who continually raises the standard of her profession . ,griffths proves she 's that rare luminary fho cvontinuall raises the standard of her profession .,"{'total_alterations': 4, 'delete': 2, 'replace': 1, 'insert': 1}"
0,at least one scene is so disgusting that viewers may be hard pressed to retain their lunch . ,at leastq one stene is so disgusting that viewers may be hard pressed po retasin their lunch .,"{'total_alterations': 4, 'delete': 0, 'replace': 2, 'insert': 2}"
0,american chai encourages rueful laughter at stereotypes only an indian-american would recognize . ,american cac encourages rueful baughter at stereotypes onlvy an indian-american would recognize .,"{'total_alterations': 4, 'delete': 1, 'replace': 2, 'insert': 1}"
1,one of the smartest takes on singles culture i 've seen in a long time . ,one of th smartest takes on singles culture i 've seon in a ong time .,"{'total_alterations': 3, 'delete': 2, 'replace': 1, 'insert': 0}"
1,"unlike the speedy wham-bam effect of most hollywood offerings , character development -- and more importantly , character empathy -- is at the heart of italian for beginners . ","unlike the speedy wham-am effect of most hollywood offerings , character development -- and more importantly , character empathy -- is ct the heart of italian fxr beginnex ","{'total_alterations': 7, 'delete': 4, 'replace': 2, 'insert': 1}"
1,zhang ... has done an amazing job of getting realistic performances from his mainly nonprofessional cast . ,zhang ... as done an amazing job of getting realistic perforlmances fromb his mainlby nonprofessional cast .,"{'total_alterations': 4, 'delete': 1, 'replace': 0, 'insert': 3}"
0,big fat waste of time . ,big fat wadte of time .,"{'total_alterations': 1, 'delete': 0, 'replace': 1, 'insert': 0}"
0,"even with a green mohawk and a sheet of fire-red flame tattoos covering his shoulder , however , kilmer seems to be posing , rather than acting . ","even with a green mohawk and a sheet of fire-red flame tattodos covering his shoulder  however , kvlmer seems to bae posing , rther than acting .","{'total_alterations': 6, 'delete': 2, 'replace': 2, 'insert': 2}"
0,chokes on its own depiction of upper-crust decorum . ,chokes on is own depiction ef upper-crust decorum .,"{'total_alterations': 2, 'delete': 1, 'replace': 1, 'insert': 0}"
0,the moviegoing equivalent of going to a dinner party and being forced to watch the host and hostess 's home video of their baby 's birth . ,the moviegoing eqfuivalent of going to a dinner party and beintg forced to watch tje host and hostess es home video of their cabn 's birth .,"{'total_alterations': 6, 'delete': 0, 'replace': 4, 'insert': 2}"
0,comes ... uncomfortably close to coasting in the treads of the bicycle thief . ,comes ... uncomfortably close to coasting in yte treads of the bicycle ihief .,"{'total_alterations': 3, 'delete': 0, 'replace': 3, 'insert': 0}"
0,does little more than play an innocuous game of fill-in - the-blanks with a tragic past . ,does little more tha play an innocuous game of fill-in - the-blanks awith a tragic past h,"{'total_alterations': 4, 'delete': 2, 'replace': 0, 'insert': 2}"
0,"this movie is something of an impostor itself , stretching and padding its material in a blur of dead ends and distracting camera work . ","this movie is something of an impstor itself , tretching and padding qts material in ea blur ocf dead ends and distracting camera work ","{'total_alterations': 6, 'delete': 3, 'replace': 1, 'insert': 2}"
1,if you enjoy more thoughtful comedies with interesting conflicted characters ; this one is for you . ,kf you enjoy mofe thoughtful comedies with interesting conflicted characters ; this none ij for you .,"{'total_alterations': 4, 'delete': 0, 'replace': 3, 'insert': 1}"
0,just embarrassment and a vague sense of shame . ,just embarrassment and a vague sense nof shcame .,"{'total_alterations': 2, 'delete': 0, 'replace': 0, 'insert': 2}"
1,"all-in-all , the film is an enjoyable and frankly told tale of a people who live among us , but not necessarily with us . ","all-in-all , the film is an enjoyable and frankly tkold tale of a people who live amlng us m but not necessarily with use ","{'total_alterations': 5, 'delete': 1, 'replace': 2, 'insert': 2}"
1,"this illuminating documentary transcends our preconceived vision of the holy land and its inhabitants , revealing the human complexities beneath . ","this illuminating documentary transcends our preconceived vsion o the holy land and its inhabitants ,v revealing the human complexitkes beneath c","{'total_alterations': 6, 'delete': 3, 'replace': 1, 'insert': 2}"
1,"exciting and direct , with ghost imagery that shows just enough to keep us on our toes . ","exciting ad dirct , with ghost imagery that shqws just enough to keep us on ozr toes .","{'total_alterations': 4, 'delete': 2, 'replace': 2, 'insert': 0}"
1,"a pleasant enough romance with intellectual underpinnings , the kind of movie that entertains even as it turns maddeningly predictable . ","a pleasant tnough romance with intellectual underpinings , the kind of movie that entertains evenu as t turnsb maddeningly predictsble .","{'total_alterations': 6, 'delete': 2, 'replace': 2, 'insert': 2}"
1,collateral damage finally delivers the goods for schwarzenegger fans . ,collateral damage finaly delivers the qgoods for schwarzenegge fans .,"{'total_alterations': 3, 'delete': 2, 'replace': 0, 'insert': 1}"
0,made with no discernible craft and monstrously sanctimonious in dealing with childhood loss . ,made with no discernible crvft and monstrously sanctimoqnious in delin with childhood loss .,"{'total_alterations': 4, 'delete': 2, 'replace': 1, 'insert': 1}"
0,"all the amped-up tony hawk-style stunts and thrashing rap-metal ca n't disguise the fact that , really , we 've been here , done that . ","all the amped-up tony hawku-style stunts and thrashing rap-metal ca n' disguise the fact that , really ,i we 've bedn here t donee that .","{'total_alterations': 6, 'delete': 1, 'replace': 2, 'insert': 3}"
1,my big fat greek wedding uses stereotypes in a delightful blend of sweet romance and lovingly dished out humor . ,my big ft greek wedding uses stereotypes in a delghtful blendw of sweet lomance and lovingly dishe out humor .,"{'total_alterations': 5, 'delete': 3, 'replace': 1, 'insert': 1}"
0,"combining quick-cut editing and a blaring heavy metal much of the time , beck seems to be under the illusion that he 's shooting the latest system of a down video . ","combining quick-cut editint and a blaring heavy metal mfch of nthe timez , beck sceems to be under qthe illusion that hge 's shooting the latest system of a down video .","{'total_alterations': 7, 'delete': 0, 'replace': 2, 'insert': 5}"
1,blanchett 's performance confirms her power once again . ,blanchett 's performance confirms herh poower once again .,"{'total_alterations': 2, 'delete': 0, 'replace': 0, 'insert': 2}"
1,"an operatic , sprawling picture that 's entertainingly acted , magnificently shot and gripping enough to sustain most of its 170-minute length . ","an operaric , sprawlindg picture that i'o entertainingly acted ,f magnificently shot and gripping enough to sustain mos of its 170-minute length .","{'total_alterations': 6, 'delete': 1, 'replace': 2, 'insert': 3}"
0,"impostor has a handful of thrilling moments and a couple of good performances , but the movie does n't quite fly . ","impostor has oa handful of thrilling moments and n cuple of goobd permormances , but the movie does n't quite fly .","{'total_alterations': 5, 'delete': 1, 'replace': 2, 'insert': 2}"
1,"not only are the special effects and narrative flow much improved , and daniel radcliffe more emotionally assertive this time around as harry , but the film conjures the magic of author j.k. rowling 's books . ","not oly are the special kffects anzd narrative flow muh improved , and daniel radcliffe ore emotionally assertive this time around as harry , but the film conjres the magic cof author j.k. rowling 's bookqs .","{'total_alterations': 9, 'delete': 4, 'replace': 2, 'insert': 3}"
0,you wonder why enough was n't just a music video rather than a full-length movie . ,yoh wonder why enotugh was n't just c music video rather than a full-length movie .,"{'total_alterations': 3, 'delete': 0, 'replace': 2, 'insert': 1}"
1,... a magnificent drama well worth tracking down . ,... a agnificent drama well worh tracking down .,"{'total_alterations': 2, 'delete': 2, 'replace': 0, 'insert': 0}"
1,the magic of the film lies not in the mysterious spring but in the richness of its performances . ,tbe magic of the film qies not in the mysterious spring bu in the richness of its performarces .,"{'total_alterations': 4, 'delete': 1, 'replace': 3, 'insert': 0}"
0,"his comedy premises are often hackneyed or just plain crude , calculated to provoke shocked laughter , without following up on a deeper level . ","his couedy premises are often hackneywed or just plain crude , clculated to provoke shocked laughter , without following up oi a deeper evel e","{'total_alterations': 6, 'delete': 2, 'replace': 3, 'insert': 1}"
1,"mcconaughey 's fun to watch , the dragons are okay , not much fire in the script . ","mcconaughey k's fun to watch , the dragons are okay , not much fire n che script .","{'total_alterations': 3, 'delete': 1, 'replace': 1, 'insert': 1}"
1,the chateau cleverly probes the cross-cultural differences between gauls and yanks . ,the chateau cleverly robes th cross-cultural differences between gauls and zanks .,"{'total_alterations': 4, 'delete': 2, 'replace': 2, 'insert': 0}"
1,"a psychological thriller with a genuinely spooky premise and an above-average cast , actor bill paxton 's directing debut is a creepy slice of gothic rural americana . ","a psychological thriller with a genuinely spooky premise and an aboveaverage casx , acto bilkl paxton 's directing debut is a creepy slice of gothic xural amercana .","{'total_alterations': 7, 'delete': 3, 'replace': 3, 'insert': 1}"
1,"moody , heartbreaking , and filmed in a natural , unforced style that makes its characters seem entirely convincing even when its script is not . ","moody , heartbreaking , and filmed in a natural , unforced styie that makes xts characters seem entirely convincing ewven cwhen iq script is not .","{'total_alterations': 6, 'delete': 1, 'replace': 3, 'insert': 2}"
0,"delivers the same old same old , tarted up with latin flava and turned out by hollywood playas . ","delivers the same old same otld , talrted up with latin flava tand turned ut by hollywood playas .","{'total_alterations': 4, 'delete': 1, 'replace': 0, 'insert': 3}"
0,"this piece of channel 5 grade trash is , quite frankly , an insult to the intelligence of the true genre enthusiast . ","thiqs piece of channel 5l grade trash is  quite frankly , an insult toe the inteluigence of the true genre enthusiast .","{'total_alterations': 5, 'delete': 1, 'replace': 1, 'insert': 3}"
1,"in a way , the film feels like a breath of fresh air , but only to those that allow it in . ","in a way , the film feels like ta bregath of fresh iair , but only to those that allow it in .","{'total_alterations': 3, 'delete': 0, 'replace': 0, 'insert': 3}"
1,"one of those energetic surprises , an original that pleases almost everyone who sees it . ","one of thvose eergetic surprises , an original that pleases almost everyoner who sees i .","{'total_alterations': 4, 'delete': 2, 'replace': 0, 'insert': 2}"
0,like you could n't smell this turkey rotting from miles away . ,like you could n't swmell ghis turkey rotting from miles away z.,"{'total_alterations': 3, 'delete': 0, 'replace': 1, 'insert': 2}"
1,"featuring a dangerously seductive performance from the great daniel auteuil , `` sade '' covers the same period as kaufmann 's `` quills '' with more unsettlingly realistic results . ","featuoing a dangerously seductive performancce from the great daniel auteuil , `` sadqe ''c covels the same period as kaufmann 's `` quills '' with mtor unsettlingly realistic reults .","{'total_alterations': 8, 'delete': 2, 'replace': 2, 'insert': 4}"
0,"if the first men in black was money , the second is small change . ","if the firsut men in black das money , he second is small change .","{'total_alterations': 3, 'delete': 1, 'replace': 1, 'insert': 1}"
0,it seems to me the film is about the art of ripping people off without ever letting them consciously know you have done so ,it seems to me the flm is about t art of rippcing people off without ever ltting them consciously know you have done so,"{'total_alterations': 5, 'delete': 4, 'replace': 0, 'insert': 1}"
1,"on this tricky topic , tadpole is very much a step in the right direction , with its blend of frankness , civility and compassion . ","on cthiis tricky topic , tadpole is very much a step in the right direction , with its blen sf frankness , civility ansd compassion .","{'total_alterations': 5, 'delete': 1, 'replace': 1, 'insert': 3}"
1,"there is a fabric of complex ideas here , and feelings that profoundly deepen them . ","therj is a fabric of complex idetas here , anm feelings that profoundly deepen them .","{'total_alterations': 3, 'delete': 0, 'replace': 2, 'insert': 1}"
0,has all the depth of a wading pool . ,has all the depth ff a wading pool .,"{'total_alterations': 1, 'delete': 0, 'replace': 1, 'insert': 0}"
0,"too often , the viewer is n't reacting to humor so much as they are wincing back in repugnance . ","too often , the viewrer is n't reacting to humor smw much as they age wincing back in repugnance .","{'total_alterations': 4, 'delete': 0, 'replace': 2, 'insert': 2}"
0,"i do n't mind having my heartstrings pulled , but do n't treat me like a fool . ","i do n't in haing my heartstrings pulled , but do n't treat me like a fool .","{'total_alterations': 3, 'delete': 3, 'replace': 0, 'insert': 0}"
1,"a study in shades of gray , offering itself up in subtle plot maneuvers ... ","a study in shades of gray ,h offering itself up in sbtle plot maneusvers ...","{'total_alterations': 3, 'delete': 1, 'replace': 0, 'insert': 2}"
0,"a broad , melodramatic estrogen opera that 's pretty toxic in its own right . ","a broaod , melodramatic estrogen opera that 'ps pretty toxic in its own right ","{'total_alterations': 3, 'delete': 1, 'replace': 0, 'insert': 2}"
1,"a gripping movie , played with performances that are all understated and touching . ", gripping movie  played with performances that re allj understated and touching .,"{'total_alterations': 4, 'delete': 3, 'replace': 0, 'insert': 1}"
1,"the vivid lead performances sustain interest and empathy , but the journey is far more interesting than the final destination . ","the vivid lead performances sustain interest and empathy , but the jmurnbey s fr more interesting thtn the final destination .","{'total_alterations': 5, 'delete': 2, 'replace': 2, 'insert': 1}"
1,my wife is an actress is an utterly charming french comedy that feels so american in sensibility and style it 's virtually its own hollywood remake . ,my wie is an actress is an utterly charming french comedy tthat ferls so american in bensibility and style it 's vidtually its own hollywood remeke .,"{'total_alterations': 6, 'delete': 1, 'replace': 4, 'insert': 1}"
0,"every dance becomes about seduction , where backstabbing and betrayals are celebrated , and sex is currency . ","nvery dance becomes about seduction s where backstabbing and betrayals arr celebrated , and sex ips currecy .","{'total_alterations': 5, 'delete': 1, 'replace': 3, 'insert': 1}"
1,the story and structure are well-honed . ,the story and structure ar well-honed t.,"{'total_alterations': 2, 'delete': 1, 'replace': 0, 'insert': 1}"
1,a strangely compelling and brilliantly acted psychological drama . ,a strangely compelling andf brilliantly acted psychological dram e,"{'total_alterations': 3, 'delete': 1, 'replace': 1, 'insert': 1}"
1,"this is a story of two misfits who do n't stand a chance alone , but together they are magnificent . ","this is a stoy of two misfitt wh do n't stawd a chance alone , but together they are magnificent .","{'total_alterations': 4, 'delete': 2, 'replace': 2, 'insert': 0}"
0,it 's not the ultimate depression-era gangster movie . ,itg 's not the ultimate depression-era gangster moviex .,"{'total_alterations': 2, 'delete': 0, 'replace': 0, 'insert': 2}"
1,"... a story we have n't seen on the big screen before , and it 's a story that we as americans , and human beings , should know . ","... a story we have n't seen on the big screen before , and it 's o stoy that we as americans , and humanu beinpgs , should know v","{'total_alterations': 5, 'delete': 1, 'replace': 2, 'insert': 2}"
1,"gives you the steady pulse of life in a beautiful city viewed through the eyes of a character who , in spite of tragic loss and increasing decrepitude , knows in his bones that he is one of the luckiest men alive . ","gives you th steady pulse ou life im a beautiful city viewed throrugh the eyes of ga character whok  in spite jof tragic loss and increasing decrepitude , knows ij his bones that he is one of the luckiest men alive .","{'total_alterations': 9, 'delete': 2, 'replace': 3, 'insert': 4}"
1,"a big , gorgeous , sprawling swashbuckler that delivers its diversions in grand , uncomplicated fashion . ","a bih , gorheous , sprawling swashbuckler tha delievers its diversions in grand , uncomplicated fashion .","{'total_alterations': 4, 'delete': 1, 'replace': 2, 'insert': 1}"
0,"... designed to provide a mix of smiles and tears , `` crossroads '' instead provokes a handful of unintentional howlers and numerous yawns . ","... designed to provide a mix of smiles and tears , `` crossroads 'p instead provokes a handful of unintentional holers and numerous yawns r","{'total_alterations': 6, 'delete': 3, 'replace': 1, 'insert': 2}"
0,"a very long movie , dull in stretches , with entirely too much focus on meal preparation and igloo construction . ","a vner long movie , mdull in stretches , with entirely too much focus on mel preparation and igloo constuction .","{'total_alterations': 5, 'delete': 3, 'replace': 0, 'insert': 2}"
1,"this is a good script , good dialogue , funny even for adults . ","this is a good scripr , good dialogue q funny even for adults .","{'total_alterations': 2, 'delete': 0, 'replace': 2, 'insert': 0}"
0,"there is very little dread or apprehension , and though i like the creepy ideas , they are not executed with anything more than perfunctory skill . ","thsere is very little dread or apprehension , and though  like the creepy deas , they are not executed wthq antything more than perfunctory skill .","{'total_alterations': 6, 'delete': 3, 'replace': 0, 'insert': 3}"
1,worth watching for dong jie 's performance -- and for the way it documents a culture in the throes of rapid change . ,wrth watching for dng jie 's performance -- and for th way it documents aj clture in the throes of rapid change .,"{'total_alterations': 5, 'delete': 4, 'replace': 0, 'insert': 1}"
0,it 's everything you do n't go to the movies for . ,it 's everything you do n't go to the imovies bor .,"{'total_alterations': 2, 'delete': 0, 'replace': 1, 'insert': 1}"
1,"the lion king was a roaring success when it was released eight years ago , but on imax it seems better , not just bigger . ","the lion king was a roarwng success when it was released eight years ago , but on imax it sems beltter  not just igger .","{'total_alterations': 5, 'delete': 3, 'replace': 1, 'insert': 1}"
1,"a fitfully amusing romp that , if nothing else , will appeal to fans of malcolm in the middle and its pubescent star , frankie muniz . ","a fitfully amusing romp that , if nothing else , will appeal to fans of malcomv in the middle anr its pqubescent star , frankie muniz ","{'total_alterations': 5, 'delete': 2, 'replace': 1, 'insert': 2}"
1,"a delectable and intriguing thriller filled with surprises , read my lips is an original . ","a delectable and intriguig thriller filled wfth surprises , read mdy lips is an origical .","{'total_alterations': 4, 'delete': 1, 'replace': 2, 'insert': 1}"
1,"it is amusing , and that 's all it needs to be . ","it izs amusing , and that 's all it needs t be .","{'total_alterations': 2, 'delete': 1, 'replace': 0, 'insert': 1}"
0,"this re-do is so dumb and so exploitative in its violence that , ironically , it becomes everything that the rather clumsy original was railing against . ",this re-dn is so dumb and so exploitative in its violence that  ironically v it becomes everything that the rather clumsy original as railing gainst .,"{'total_alterations': 6, 'delete': 3, 'replace': 3, 'insert': 0}"
1,"director of photography benoit delhomme shot the movie in delicious colors , and the costumes and sets are grand . ","director of photographry benoit delhomlme shot the movie in delicious colors , amd the costumes and sets are grand .","{'total_alterations': 5, 'delete': 1, 'replace': 1, 'insert': 3}"
1,"without ever becoming didactic , director carlos carrera expertly weaves this novelistic story of entangled interrelationships and complex morality . ",withoutv ever becoming didactic ad directqor carlos cirrera expertly weaves this novelistic story of entangled interrelationships and comhlex morality .,"{'total_alterations': 6, 'delete': 0, 'replace': 3, 'insert': 3}"
1,"something akin to a japanese alice through the looking glass , except that it seems to take itself far more seriously . ","something arin to a japanese alice bhrough the looking glass , except that it heems to take itself far more seriously h","{'total_alterations': 5, 'delete': 1, 'replace': 3, 'insert': 1}"
1,"having had the good sense to cast actors who are , generally speaking , adored by the movie-going public , khouri then gets terrific performances from them all . ","having had the good sense to ecast actors who are , generally speaking , adored by txhe movie-going publc , khoupri then gets terrific perfohrmances from them all .","{'total_alterations': 7, 'delete': 2, 'replace': 0, 'insert': 5}"
0,"there 's too much falseness to the second half , and what began as an intriguing look at youth fizzles into a dull , ridiculous attempt at heart-tugging . ","there 'sv too much rfalseness tho the second half , and what bewgan am an intriguing look at youth fizzles into a dull , ridiculous attempt at heart-tuggig .","{'total_alterations': 6, 'delete': 1, 'replace': 1, 'insert': 4}"
0,sam mendes has become valedictorian at the school for soft landings and easy ways out . ,sam mendes bas become valegictorian at the school for soft landingl and easy waysq out .,"{'total_alterations': 4, 'delete': 0, 'replace': 3, 'insert': 1}"
0,may reawaken discussion of the kennedy assassination but this fictional film looks made for cable rather than for the big screen . ,may reawaken discussion of the kennedy assassinaxtdion but chis fictional ilm looks made for cable rather than for the big screen g,"{'total_alterations': 5, 'delete': 1, 'replace': 2, 'insert': 2}"
1,"first-time writer-director serry shows a remarkable gift for storytelling with this moving , effective little film . ","first-time writer-director serry shows a remarkable grft for storytelling with thios moing , effective little filmw .d","{'total_alterations': 5, 'delete': 1, 'replace': 1, 'insert': 3}"
0,"at its worst , it implodes in a series of very bad special effects . ","at its worst , it mplodes in a series of very bad specialy efects .","{'total_alterations': 3, 'delete': 2, 'replace': 0, 'insert': 1}"
1,it 's great escapist fun that recreates a place and time that will never happen again . ,it 's great escapist fun that recreates ia place and tme that will nver happen agiin .,"{'total_alterations': 4, 'delete': 2, 'replace': 1, 'insert': 1}"
1,"the jabs it employs are short , carefully placed and dead-center . ","the jabs iftf employs are short , carefuloly placed and dead-center .","{'total_alterations': 3, 'delete': 0, 'replace': 0, 'insert': 3}"
0,"the film flat lines when it should peak and is more missed opportunity and trifle than dark , decadent truffle . ","te vfielm flat lines when it should peak and is more missed opportunity and trifle than dark q, decadent truffle ","{'total_alterations': 5, 'delete': 2, 'replace': 0, 'insert': 3}"
1,sade is an engaging look at the controversial eponymous and fiercely atheistic hero . ,sade is an engaging look a the controversial qponymous and riercely athestic hero .,"{'total_alterations': 4, 'delete': 2, 'replace': 2, 'insert': 0}"
1,"for anyone unfamiliar with pentacostal practices in general and theatrical phenomenon of hell houses in particular , it 's an eye-opener . ","fov anyone unfamiliar wgth pentacostal practices in general and theatrical phenomenon of hel hdouses jn particular , it 's ai eye-opener .","{'total_alterations': 6, 'delete': 1, 'replace': 4, 'insert': 1}"
1,"mr. tsai is a very original artist in his medium , and what time is it there ? ","pmr. tsai cs a very original artist in his medium , and whab time is it there ?","{'total_alterations': 3, 'delete': 0, 'replace': 2, 'insert': 1}"
0,my reaction in a word : disappointment . ,my hreaction in a word : disapsointment .,"{'total_alterations': 2, 'delete': 0, 'replace': 1, 'insert': 1}"
0,taylor appears to have blown his entire budget on soundtrack rights and had nothing left over for jokes . ,taylor appear to have blown his entirse budget onv soundtrack rights and had nothing left ver for jokes .,"{'total_alterations': 4, 'delete': 2, 'replace': 0, 'insert': 2}"
0,a subject like this should inspire reaction in its audience ; the pianist does not . ,a subject lke this shoulmd inspire reaction in its audience  the pianist does not .,"{'total_alterations': 3, 'delete': 2, 'replace': 0, 'insert': 1}"
1,"while undisputed is n't exactly a high , it is a gripping , tidy little movie that takes mr. hill higher than he 's been in a while . ","while undisputed is k't exactly a high , it is a gripping , tidy little movie thbat takes mr.v hill higher than he s been in a while y","{'total_alterations': 5, 'delete': 1, 'replace': 2, 'insert': 2}"
0,it takes talent to make a lifeless movie about the most heinous man who ever lived . ,it takes talent to make a lifeless movne aboput the most heinous maan who ever lived .,"{'total_alterations': 3, 'delete': 0, 'replace': 1, 'insert': 2}"
1,"despite the 2-d animation , the wild thornberrys movie makes for a surprisingly cinematic experience . ","despite the 2d animation ,l thec wild thornberrys movie makesc for a surprisingly cinematic experience .","{'total_alterations': 4, 'delete': 1, 'replace': 0, 'insert': 3}"
1,"whether you like rap music or loathe it , you ca n't deny either the tragic loss of two young men in the prime of their talent or the power of this movie . ",whether you like rap music om lohe it  you ca n't deny either the tragic loss of two young men in the prime of their talent or tdn power of this movie .,"{'total_alterations': 6, 'delete': 3, 'replace': 3, 'insert': 0}"
0,directed in a paint-by-numbers manner . ,dirsectd in a paint-by-numbers manner .,"{'total_alterations': 2, 'delete': 1, 'replace': 0, 'insert': 1}"
0,"velocity represents everything wrong with '' independent film '' as a commodified , sold-out concept on the american filmmaking scene . ","velocity represents everything wrong with ' independent filtm f' as a commodified , soldout concept oin te american filmmaking scene .","{'total_alterations': 6, 'delete': 3, 'replace': 1, 'insert': 2}"
1,"it has the charm of the original american road movies , feasting on the gorgeous , ramshackle landscape of the filmmaker 's motherland . ","it has the charm o the original american road movies ,u feasting on the gorgeous , ramshackle landscape of h filmmaker 's motheland .","{'total_alterations': 6, 'delete': 4, 'replace': 1, 'insert': 1}"
1,if steven soderbergh 's ` solaris ' is a failure it is a glorious failure . ,if steven soderbergh 's ` solarjis ' is a failure it is  glorious failure k.,"{'total_alterations': 3, 'delete': 1, 'replace': 0, 'insert': 2}"
0,the film tries too hard to be funny and tries too hard to be hip . ,the film tries too hard toa be funny and tries too hrd to be hoip .,"{'total_alterations': 3, 'delete': 1, 'replace': 0, 'insert': 2}"
1,filmmakers who can deftly change moods are treasures and even marvels . ,filmmakers who can deftly zchane moods aure treasures and even marvels .,"{'total_alterations': 3, 'delete': 1, 'replace': 0, 'insert': 2}"
0,"the reality of the new live-action pinocchio he directed , cowrote and starred in borders on the grotesque . ","the reality of the newc live-action pinocchio he directed , cowrote and starrew iw borderss on the grotesque .","{'total_alterations': 4, 'delete': 0, 'replace': 2, 'insert': 2}"
0,manages to show life in all of its banality when the intention is quite the opposite . ,manages to sow life in all of its banality when the ntention izs uite the opposite .,"{'total_alterations': 4, 'delete': 3, 'replace': 0, 'insert': 1}"
1,"it 's so good that its relentless , polished wit can withstand not only inept school productions , but even oliver parker 's movie adaptation . ","it 's so good that its relentless , polshed dit can withstadnd not only ineyt school productions , but even oliver parker 's moie adaptation .","{'total_alterations': 6, 'delete': 2, 'replace': 3, 'insert': 1}"
0,"while ( hill ) has learned new tricks , the tricks alone are not enough to salvage this lifeless boxing film . ","while a( hill ) has learned new tricks , the tqicks alone are not enugh oo salvage this lifeless boxing film .","{'total_alterations': 4, 'delete': 1, 'replace': 2, 'insert': 1}"
1,"on the heels of the ring comes a similarly morose and humorless horror movie that , although flawed , is to be commended for its straight-ahead approach to creepiness . ","on the heels of the ring comes k similarly morose and humorless horror movie that , although flahed , is ta be commended oor its stfaight-ahad approach vo creepiness .","{'total_alterations': 7, 'delete': 1, 'replace': 6, 'insert': 0}"
0,what was once original has been co-opted so frequently that it now seems pedestrian . ,what was once oiginal has bee co-opted so frequently wat it now seems pedestrian .,"{'total_alterations': 4, 'delete': 3, 'replace': 1, 'insert': 0}"
1,"a spellbinding african film about the modern condition of rootlessness , a state experienced by millions around the globe . ","a spellbinding african fil about thte modern condition of rootlessness , t statd experienced by millions artound the globe .","{'total_alterations': 5, 'delete': 1, 'replace': 2, 'insert': 2}"
1,"it will grip even viewers who are n't interested in rap , as it cuts to the heart of american society in an unnerving way . ","it will grip een viewers who are n't interested in rp , as it cuts to the heart p american society in an unnerving way .","{'total_alterations': 5, 'delete': 3, 'replace': 2, 'insert': 0}"
1,a romantic comedy enriched by a sharp eye for manners and mores . ,a romantic comdy enriched by a sharp eye fr manners anf mores .,"{'total_alterations': 3, 'delete': 2, 'replace': 1, 'insert': 0}"
0,the character of zigzag is not sufficiently developed to support a film constructed around him . ,the pcharacter of zigzag i not sufficiently developed to support a film constructed around sim n,"{'total_alterations': 4, 'delete': 1, 'replace': 2, 'insert': 1}"
0,"it 's of the quality of a lesser harrison ford movie - six days , seven nights , maybe , or that dreadful sabrina remake . ","jit ' of tye quality ofx a lesser harrison ford movie - six days , seven nights , maybe , or that dreadful sabrina remaqke .","{'total_alterations': 5, 'delete': 1, 'replace': 1, 'insert': 3}"
1,"beautifully observed , miraculously unsentimental comedy-drama . ","beautifully oxbserved , miraculously unsenrtimental comedy-drama .r","{'total_alterations': 3, 'delete': 0, 'replace': 0, 'insert': 3}"
0,a sequence of ridiculous shoot - 'em - up scenes . ,a sequence of ridiculous shoot - 'em  up scenes .b,"{'total_alterations': 2, 'delete': 1, 'replace': 0, 'insert': 1}"
1,so refreshingly incisive is grant that for the first time he 'll probably appeal more to guys than to their girlfriends who drag them to this movie for the hugh factor . ,so refreshingly incisive is grant that fr the first time he 'll probably appealb more t guys than t their girlfriends who dkag them to this movie or ythe hugh factor .,"{'total_alterations': 7, 'delete': 4, 'replace': 1, 'insert': 2}"
1,( a ) n utterly charming and hilarious film that reminded me of the best of the disney comedies from the 60s . ,( wa ) n utuery charming and hilarious film that remindped me of the best of the disney comedies from the 60s .,"{'total_alterations': 4, 'delete': 1, 'replace': 1, 'insert': 2}"
0,"there is n't nearly enough fun here , despite the presence of some appealing ingredients . ","therec is n'i nearly enough fun here , despite the presence ok some aupealing ingredients .","{'total_alterations': 4, 'delete': 0, 'replace': 3, 'insert': 1}"
1,"nine queens is not only than a frighteningly capable debut and genre piece , but also a snapshot of a dangerous political situation on the verge of coming to a head . ",nine queens is not only than a froighteningly capable debut and genre piece j but also a snapshot of a dangerous positical situation on the vere of coming to c head b.,"{'total_alterations': 7, 'delete': 1, 'replace': 4, 'insert': 2}"
0,"the director knows how to apply textural gloss , but his portrait of sex-as-war is strictly sitcom . ","the director kncws how to apply teuxtural gloss , bt his portrait of sex-as-war i strictly sitcom .","{'total_alterations': 4, 'delete': 2, 'replace': 1, 'insert': 1}"
1,old-form moviemaking at its best . ,old-form moviemaking bt its best .,"{'total_alterations': 1, 'delete': 0, 'replace': 1, 'insert': 0}"
1,leigh 's film is full of memorable performances from top to bottom . ,eigh 's film is full of memnrable performances from top o bottom .,"{'total_alterations': 3, 'delete': 2, 'replace': 1, 'insert': 0}"
1,"thanks to scott 's charismatic roger and eisenberg 's sweet nephew , roger dodger is one of the most compelling variations on in the company of men . ","thanks to scott 's charismavic roger and edsenberg 's sweet neehew , roger dodger i one of the most compelling variations on n the company of mn .","{'total_alterations': 6, 'delete': 3, 'replace': 3, 'insert': 0}"
0,"though moonlight mile is replete with acclaimed actors and actresses and tackles a subject that 's potentially moving , the movie is too predictable and too self-conscious to reach a level of high drama . ","though moonlight mile is replete wyith acclaimed actlrs and ctressegs ang tackles a subject that s potentially moving , the movie is too predictable aund too self-conscious o reach a level of high drama .","{'total_alterations': 8, 'delete': 3, 'replace': 2, 'insert': 3}"
0,a great ensemble cast ca n't lift this heartfelt enterprise out of the familiar . ,a great ensemble cxyt ca n't lift this heartfelt enterprise out o the familiar .,"{'total_alterations': 3, 'delete': 1, 'replace': 2, 'insert': 0}"
1,one of the more intelligent children 's movies to hit theaters this year . ,one of the more intelligent children  movies to hit theaters this ypear .,"{'total_alterations': 3, 'delete': 2, 'replace': 0, 'insert': 1}"
1,it 's fun lite . ,it 's fun lite ,"{'total_alterations': 1, 'delete': 1, 'replace': 0, 'insert': 0}"
1,you will emerge with a clearer view of how the gears of justice grind on and the death report comes to share airtime alongside the farm report . ,ou wilql merge with a clearer view of how the gears mof justice grind on and the deayth report comes to share airtime alongside the farm report .l,"{'total_alterations': 6, 'delete': 2, 'replace': 0, 'insert': 4}"
1,"smart , provocative and blisteringly funny . ","smart , provocatyve acd blisteringly funny .","{'total_alterations': 2, 'delete': 0, 'replace': 2, 'insert': 0}"
0,do not see this film . ,do not see this film i,"{'total_alterations': 1, 'delete': 0, 'replace': 1, 'insert': 0}"
0,"less dizzying than just dizzy , the jaunt is practically over before it begins . ","less dizying than just dizzy , thv jaunt is practically over before i begins .","{'total_alterations': 3, 'delete': 2, 'replace': 1, 'insert': 0}"
1,"while the ideas about techno-saturation are far from novel , they 're presented with a wry dark humor . ",while the ides about techno-saturation are far rom novel d they 're presented ith a wry dark humor .,"{'total_alterations': 4, 'delete': 3, 'replace': 1, 'insert': 0}"
1,"for movie lovers as well as opera lovers , tosca is a real treat . ","ffor movie lovers as well as opera loveqrs , tosca is a refal treat .","{'total_alterations': 3, 'delete': 0, 'replace': 0, 'insert': 3}"
0,"this is the sort of burly action flick where one coincidence pummels another , narrative necessity is a drunken roundhouse , and whatever passes for logic is a factor of the last plot device left standing . ","this is the sort ob burly action kflick where one cincidence pummels another , narrative necessity isu a drunken roundhouse , and whatever pases for logic is  factor of the llast plot device left standing h.","{'total_alterations': 8, 'delete': 3, 'replace': 1, 'insert': 4}"
1,"if you are an actor who can relate to the search for inner peace by dramatically depicting the lives of others onstage , then esther 's story is a compelling quest for truth . ","if you are n qctor who can relate to the search for inner peace by dramaically depicting the lives of others onstage , then ebsther 's soiry is a compelling quest for ruth .","{'total_alterations': 7, 'delete': 4, 'replace': 1, 'insert': 2}"
0,feels too formulaic and too familiar to produce the transgressive thrills of early underground work . ,feels too lormulaic and too familiar t produce the tranksgressive thrills of eary underground work .,"{'total_alterations': 4, 'delete': 2, 'replace': 1, 'insert': 1}"
1,... with `` the bourne identity '' we return to the more traditional action genre . ,... with `` the bourne identity ''y w return to the more traditional action genre .,"{'total_alterations': 3, 'delete': 1, 'replace': 1, 'insert': 1}"
1,"it haunts you , you ca n't forget it , you admire its conception and are able to resolve some of the confusions you had while watching it . ","ix hwaunts you , you ca n't forget it , you admire its conception and are ablpe to resolve some kof the confusions ou had while watching it .","{'total_alterations': 6, 'delete': 2, 'replace': 0, 'insert': 4}"
1,"writer/director joe carnahan 's grimy crime drama is a manual of precinct cliches , but it moves fast enough to cover its clunky dialogue and lapses in logic . ","writer/director joe carnahan 'c grmy crime drama is  manual of precinct cliches , but it moves fast enovgh to cover its clunky dialogue and lapses in logc sw","{'total_alterations': 7, 'delete': 3, 'replace': 3, 'insert': 1}"
1,` easily my choice for one of the year 's best films . ' ,` easily my choice for one of he year 's best fiklms . ',"{'total_alterations': 2, 'delete': 1, 'replace': 0, 'insert': 1}"
0,they should have called it gutterball . ,tey shoud have called it gutterball .,"{'total_alterations': 2, 'delete': 2, 'replace': 0, 'insert': 0}"
0,"wince-inducing dialogue , thrift-shop costumes , prosthetic makeup by silly putty and kmart blue-light-special effects all conspire to test trekkie loyalty . ","wince-inducing dialogue , thrift-shop costumes ,w prosthetic makeup by cilly ptty vnd kmart blue-light-special effdcts all conspire oo test trekki loyalty .","{'total_alterations': 7, 'delete': 2, 'replace': 4, 'insert': 1}"
1,lapaglia 's ability to convey grief and hope works with weaver 's sensitive reactions to make this a two-actor master class . ,lapglira 's ability dto convey grief and hope works wth weaver 's sensitive reactions to make this  two-actor master class .,"{'total_alterations': 5, 'delete': 3, 'replace': 0, 'insert': 2}"
0,"at times , the suspense is palpable , but by the end there 's a sense that the crux of the mystery hinges on a technicality that strains credulity and leaves the viewer haunted by the waste of potential . ","at times , th suspens is palpable  b by the end there 's a sense that the crux of the mystery hinges onc a technicality that strainps credulity and leaves the viewer haunted by the waste af potential .","{'total_alterations': 8, 'delete': 5, 'replace': 1, 'insert': 2}"
1,"it gets onto the screen just about as much of the novella as one could reasonably expect , and is engrossing and moving in its own right . ","if guts oto the screen just about as mch ob the nvella as one could reasonably expect , and is engrossing and moving in its own right .","{'total_alterations': 6, 'delete': 3, 'replace': 3, 'insert': 0}"
0,"it 's not that kung pow is n't funny some of the time -- it just is n't any funnier than bad martial arts movies are all by themselves , without all oedekerk 's impish augmentation . ","it 's not thaqt kung pow is n't funny some of the time -- i must is nt any funnier than bad martimap arts movies are al by themselves , without all oedekerk 's impish augmentation .","{'total_alterations': 7, 'delete': 3, 'replace': 2, 'insert': 2}"
1,few films capture so perfectly the hopes and dreams of little boys on baseball fields as well as the grown men who sit in the stands . ,few films capture o perfectly the hopes and dreamb of little bfoys on baseball fields as well as the grown men who sit in tshe sfands .,"{'total_alterations': 5, 'delete': 1, 'replace': 2, 'insert': 2}"
0,"in its best moments , resembles a bad high school production of grease , without benefit of song . ","in its best moments , resembles ar baw high school production wsof grease , without benefit of song .","{'total_alterations': 4, 'delete': 0, 'replace': 1, 'insert': 3}"
1,brilliantly explores the conflict between following one 's heart and following the demands of tradition . ,brilliantgy explores th conflict between following one ' heart nd following the demands of tradition .,"{'total_alterations': 4, 'delete': 3, 'replace': 1, 'insert': 0}"
0,... a hollow joke told by a cinematic gymnast having too much fun embellishing the misanthropic tale to actually engage it . ,... a hollow jocke tzld by a cinematic gymnast having oo mucsh fun embellishing the misanthropic tale to acytually engage it .,"{'total_alterations': 5, 'delete': 1, 'replace': 1, 'insert': 3}"
0,the movie fails to live up to the sum of its parts . ,the moeie faizls to live up to the sum of its parts .,"{'total_alterations': 2, 'delete': 0, 'replace': 1, 'insert': 1}"
1,a working class `` us vs. them '' opera that leaves no heartstring untugged and no liberal cause unplundered . ,a working class `` s vs. them '' opera that leaves o hearstring untugged and wo liberal causze unplundered .,"{'total_alterations': 5, 'delete': 3, 'replace': 1, 'insert': 1}"
1,"a quiet , pure , elliptical film ","a quiet , pure , elliptyical film","{'total_alterations': 1, 'delete': 0, 'replace': 0, 'insert': 1}"
0,"it feels like an after-school special gussied up with some fancy special effects , and watching its rote plot points connect is about as exciting as gazing at an egg timer for 93 minutes . "," feels lie an axter-school specioal gussied up with home fancy special effects , pnd watching its rote plot points connect is aubout as exciting as gazing at an egg timer for 93 minutes .","{'total_alterations': 8, 'delete': 3, 'replace': 3, 'insert': 2}"
0,the talented and clever robert rodriguez perhaps put a little too much heart into his first film and did n't reserve enough for his second . ,the talented and clever robert rodriguez perhaps put a litle too much heat into is firrst film and did n't reserve enough for nis second f.,"{'total_alterations': 6, 'delete': 3, 'replace': 1, 'insert': 2}"
0,"if you 've ever entertained the notion of doing what the title of this film implies , what sex with strangers actually shows may put you off the idea forever . ","tf you kve ever entertained txhe notion of doing what the title of this film implies , what sex witwh strangers actually shows may put you off the ddea forever ","{'total_alterations': 6, 'delete': 1, 'replace': 3, 'insert': 2}"
1,the most compelling wiseman epic of recent years . ,the most compelling wiseman epic f recenxt years .,"{'total_alterations': 2, 'delete': 1, 'replace': 0, 'insert': 1}"
0,"a misogynistic piece of filth that attempts to pass itself off as hip , young adult entertainment . ","a misogycistic piece of filth that attempts to pass tself off as hep , young adult entertainment ","{'total_alterations': 4, 'delete': 2, 'replace': 2, 'insert': 0}"
1,it 's made with deftly unsettling genre flair . ,it 's made with deftlty unsettling genre lair .,"{'total_alterations': 2, 'delete': 1, 'replace': 0, 'insert': 1}"
0,but what are adults doing in the theater at all ? ,but jhat are adlts doing in the theater at all ?,"{'total_alterations': 2, 'delete': 1, 'replace': 1, 'insert': 0}"
0,"the result is a gaudy bag of stale candy , something from a halloween that died . ","the result is a gaudy bag of stale candy , something rom  halloween that died .","{'total_alterations': 3, 'delete': 2, 'replace': 1, 'insert': 0}"
1,"escaping the studio , piccoli is warmly affecting and so is this adroitly minimalist movie . ",escaping the studio  piccoli is warmly affecting yhd so is this adroitly minimalisht movie .,"{'total_alterations': 4, 'delete': 1, 'replace': 2, 'insert': 1}"
0,but this films lacks the passion required to sell the material . ,but this films lacks the passion required po sev the material .,"{'total_alterations': 3, 'delete': 1, 'replace': 2, 'insert': 0}"
1,good old-fashioned slash-and-hack is back ! ,good old-fashioned slash-and-hac is back ,"{'total_alterations': 2, 'delete': 2, 'replace': 0, 'insert': 0}"
1,"morton uses her face and her body language to bring us morvern 's soul , even though the character is almost completely deadpan . ","morton useg her facfe and heer body language o bring us morvern 's soul , even though the character is almot completely deadpan .","{'total_alterations': 5, 'delete': 2, 'replace': 1, 'insert': 2}"
0,one long string of cliches . ,ore long string of cliches .,"{'total_alterations': 1, 'delete': 0, 'replace': 1, 'insert': 0}"
0,"nicks , seemingly uncertain what 's going to make people laugh , runs the gamut from stale parody to raunchy sex gags to formula romantic comedy . ","nickss , seemingly uzcertain hat 's going to make penople laugoh , runs the gamut from nstale parody to raunchy sex gags to formula romantic comedy .","{'total_alterations': 6, 'delete': 1, 'replace': 1, 'insert': 4}"
1,seldom has a movie so closely matched the spirit of a man and his work . ,seldom has a movie so closely matched the spisit of a man an his work ,"{'total_alterations': 3, 'delete': 2, 'replace': 1, 'insert': 0}"
0,suffers from the lack of a compelling or comprehensible narrative . ,suffers from the lack of xa compelling oar comprehensible narrative m.,"{'total_alterations': 3, 'delete': 0, 'replace': 0, 'insert': 3}"
1,"a moody , multi-dimensional love story and sci-fi mystery , solaris is a thought-provoking , haunting film that allows the seeds of the imagination to germinate . ","a moody , multi-dimensional lov story and sci-fi mhystery , solajris is a thgught-provoking  haunting film that allows the seeds of the imaginatlon txo germinate .","{'total_alterations': 7, 'delete': 2, 'replace': 2, 'insert': 3}"
1,"despite its title , punch-drunk love is never heavy-handed . ","dcspite its title , punch-edrunk love is never fheavy-handed .","{'total_alterations': 3, 'delete': 0, 'replace': 1, 'insert': 2}"
1,"entertains by providing good , lively company . ","entertains by providing bood , lively company .","{'total_alterations': 2, 'delete': 1, 'replace': 0, 'insert': 1}"
0,"and when you 're talking about a slapstick comedy , that 's a pretty big problem . ","ad when you 're talking about a slapstick comedy , that 'ls a pretty bid problem .","{'total_alterations': 3, 'delete': 1, 'replace': 1, 'insert': 1}"
0,not really bad so much as distasteful : we need kidnapping suspense dramas right now like we need doomsday thrillers . ,not realy bd so much as distastefuhl : we need kidnapping suspense dramas right now like we nied doomsday thrilless .,"{'total_alterations': 5, 'delete': 2, 'replace': 2, 'insert': 1}"
0,nervous breakdowns are not entertaining . ,nervous breakdowns are not entertainig ,"{'total_alterations': 2, 'delete': 2, 'replace': 0, 'insert': 0}"
0,"while it 's genuinely cool to hear characters talk about early rap records ( sugar hill gang , etc. ) , the constant referencing of hip-hop arcana can alienate even the savviest audiences . ","wuile it 's genuinely cool to her characters talk about early hap records ( sugar hill gawg l tc. )s , the constant referencing of hip-hop arcana can alienate eve the savviest audiences .","{'total_alterations': 8, 'delete': 3, 'replace': 4, 'insert': 1}"
0,"his last movie was poetically romantic and full of indelible images , but his latest has nothing going for it . ","his last movie was poebically romantic and full og indelible images , but his latest hs nothing going for iv ","{'total_alterations': 5, 'delete': 2, 'replace': 3, 'insert': 0}"
0,"despite all evidence to the contrary , this clunker has somehow managed to pose as an actual feature movie , the kind that charges full admission and gets hyped on tv and purports to amuse small children and ostensible adults . ","despite all evikence to the contrary , this clunkerj has somehow managed to pose asz an actmual feature movie , the kind that charges full admission and gets hyped on tl and puports to amuse mvall children and ostensible adults .","{'total_alterations': 9, 'delete': 3, 'replace': 1, 'insert': 5}"
1,fresnadillo 's dark and jolting images have a way of plying into your subconscious like the nightmare you had a week ago that wo n't go away . ,fresnadillo 's dark and jolting images have an way of plying into your subconscious like th nightmare you pd a week ago that wo n't gio away .,"{'total_alterations': 6, 'delete': 2, 'replace': 2, 'insert': 2}"
1,"uses sharp humor and insight into human nature to examine class conflict , adolescent yearning , the roots of friendship and sexual identity . ","uses sharp hkmor and insignht into humqn nature to examine cylass conflict , adolescent yearning , the roots oef friendship and sexual identity .","{'total_alterations': 6, 'delete': 0, 'replace': 3, 'insert': 3}"
0,so unremittingly awful that labeling it a dog probably constitutes cruelty to canines . ,so unremittingly awful that laeling it a dog probably constitzutes crulty to catnines .,"{'total_alterations': 4, 'delete': 2, 'replace': 0, 'insert': 2}"
1,"for the most part , director anne-sophie birot 's first feature is a sensitive , extraordinarily well-acted drama . ","for the most part , director kanne-sophie biot 's first feature is a sensitnve , rxtraordinarily ell-acted drama .","{'total_alterations': 5, 'delete': 2, 'replace': 2, 'insert': 1}"
1,"another one of those estrogen overdose movies like `` divine secrets of the ya ya sisterhood , '' except that the writing , acting and character development are a lot better . ","another on of those estrogen overdose movies like `` divine secrets of te ya ya sisterhood , '' excett ha the writiegl , acting and character development are a lot better .","{'total_alterations': 7, 'delete': 4, 'replace': 2, 'insert': 1}"
1,"instead , he shows them the respect they are due . ","instead , e shows them the respect they are lue .","{'total_alterations': 2, 'delete': 1, 'replace': 1, 'insert': 0}"
0,it has all the excitement of eating oatmeal . ,iy has all the excitement of eating oatmeal v,"{'total_alterations': 2, 'delete': 0, 'replace': 2, 'insert': 0}"
0,i can take infantile humor ... but this is the sort of infantile that makes you wonder about changing the director and writer 's diapers . ,i can take bnfantile humor ... but this is the sort of infatile that makes ywou wonder about changing the director an wrier 's diapers .,"{'total_alterations': 6, 'delete': 3, 'replace': 2, 'insert': 1}"
1,"the best revenge may just be living well because this film , unlike other dumas adaptations , is far more likened to a treasure than a lengthy jail sentence . ","the best revenge may just be living well becauee this film , unlike qother dumas adaptations , is far moe likened to a treadure than  llngthy jail sentence .","{'total_alterations': 6, 'delete': 2, 'replace': 3, 'insert': 1}"
1,"aside from minor tinkering , this is the same movie you probably loved in 1994 , except that it looks even better . ","aside from minor tinkering , this is the same movie you probably loved in 1994 a except twat ct looks even etter b","{'total_alterations': 5, 'delete': 1, 'replace': 4, 'insert': 0}"
1,"far more imaginative and ambitious than the trivial , cash-in features nickelodeon has made from its other animated tv series . ",far mozre imaginative and ambitious than the trivial f cash-in fdatures nickelodeon has made from its ther animated tv series .,"{'total_alterations': 5, 'delete': 1, 'replace': 3, 'insert': 1}"
1,"pacino is brilliant as the sleep-deprived dormer , his increasing weariness as much existential as it is physical . ","pacino s brilliant as the sleep-dprived dormer , lhis increasing wearinss as mumch existential as it is physical .","{'total_alterations': 5, 'delete': 3, 'replace': 0, 'insert': 2}"
1,"it 's one of those baseball pictures where the hero is stoic , the wife is patient , the kids are as cute as all get-out and the odds against success are long enough to intimidate , but short enough to make a dream seem possible . ","it 's one of those baseball pictures where the hero  stoic , the wife is patient , the kids are as cute as vall get-out and the ods against success ae long enough to intimidate t, but short enough to mke a dream seeum possible p.","{'total_alterations': 9, 'delete': 5, 'replace': 0, 'insert': 4}"
0,there 's not enough here to justify the almost two hours . ,there 's not enough here to justify the almost two hourqs n.,"{'total_alterations': 2, 'delete': 0, 'replace': 0, 'insert': 2}"
1,"fun , flip and terribly hip bit of cinematic entertainment . ","fun , flip and terribly hip bit of cinematic entertainment .el","{'total_alterations': 2, 'delete': 0, 'replace': 0, 'insert': 2}"
0,more whiny downer than corruscating commentary . ,more whiny downer than corruscating commentapry a.,"{'total_alterations': 2, 'delete': 0, 'replace': 0, 'insert': 2}"
1,"as the two leads , lathan and diggs are charming and have chemistry both as friends and lovers . ","as the two leads , lathan and diggs re charming and have chemistry both as fyrieds and lovhrs .","{'total_alterations': 4, 'delete': 2, 'replace': 1, 'insert': 1}"
0,the film makes a fatal mistake : it asks us to care about a young man whose only apparent virtue is that he is not quite as unpleasant as some of the people in his life . ,the fil cakes a fatal mistaks : it asks us to care about a young man whose only apparent virtgue is that he is not quite as unpleasant  sobme of the people in his life .,"{'total_alterations': 7, 'delete': 3, 'replace': 2, 'insert': 2}"
1,"a smart , witty follow-up . ","a smrart , witty follow-up .","{'total_alterations': 1, 'delete': 0, 'replace': 0, 'insert': 1}"
0,"with virtually no interesting elements for an audience to focus on , chelsea walls is a triple-espresso endurance challenge . ","wirh virtually no interesting elements fox an audience to focus on , chelsea walls s a tbiple-espresso endurance challenge w","{'total_alterations': 5, 'delete': 1, 'replace': 4, 'insert': 0}"
1,"whether writer-director anne fontaine 's film is a ghost story , an account of a nervous breakdown , a trip down memory lane , all three or none of the above , it is as seductive as it is haunting . ","rhether writer-director anned fontaine 's film is a ghost story , an accoun of a nervous breakdown , a trip down memry lane , all tree r nonqe pf the above , it is as seductive as it is haunting .","{'total_alterations': 8, 'delete': 4, 'replace': 2, 'insert': 2}"
1,cq 's reflection of artists and the love of cinema-and-self suggests nothing less than a new voice that deserves to be considered as a possible successor to the best european directors . ,cq 's reflection of artists and the love  cinema-and-self suggests noxthing less thn a new voice that deserves to beu considered was a posiible succoessor to the best european directors .,"{'total_alterations': 8, 'delete': 3, 'replace': 1, 'insert': 4}"
1,jones ... does offer a brutal form of charisma . ,jones ...s dows offer a brutal form of charisma .,"{'total_alterations': 2, 'delete': 0, 'replace': 1, 'insert': 1}"
0,"in an effort , i suspect , not to offend by appearing either too serious or too lighthearted , it offends by just being wishy-washy . ","in n effort , i suspect , not to offend by appearing eithe atoo serious or too lighthearted ,v it offends by just beinjg wishy-washy .","{'total_alterations': 5, 'delete': 2, 'replace': 0, 'insert': 3}"
