label,original_text,attacked_text
0,not an objectionable or dull film ; it merely lacks everything except good intentions . ,"('not an objectionable od dull film ; it merely lacks everything evcep good intentqoins .', {'total_alterations': 6, 'delete': 2, 'replace': 2, 'insert': 2})"
1,"not far beneath the surface , this reconfigured tale asks disturbing questions about those things we expect from military epics . ","('not far beneath the surface , this reconfigured tale asks disturbing queszions about those things we expect from military epics .', {'total_alterations': 2, 'delete': 0, 'replace': 2, 'insert': 0})"
0,a dumb movie with dumb characters doing dumb things and you have to be really dumb not to see where this is going . ,"('a dumb mdvi with drb charractes doinaq dumb things and you have tv be reawly dudmbs not to see where this is going .', {'total_alterations': 14, 'delete': 5, 'replace': 3, 'insert': 6})"
1,"the special effects and many scenes of weightlessness look as good or better than in the original , while the oscar-winning sound and james horner 's rousing score make good use of the hefty audio system . ","(""the speciv effects and many scenes of weightlessness look a good or better than in the original , while the oscar-winning sound and james horner 's rousing score make good use of the hzfty audov system ."", {'total_alterations': 10, 'delete': 5, 'replace': 2, 'insert': 3})"
0,teen movies have really hit the skids . ,"('teen movies have really hit the skydvs .', {'total_alterations': 2, 'delete': 0, 'replace': 1, 'insert': 1})"
1,a quiet treasure -- a film to be savored . ,"('a quegt treasure b a film to be savored .', {'total_alterations': 4, 'delete': 2, 'replace': 1, 'insert': 1})"
0,villeneuve spends too much time wallowing in bibi 's generic angst ( there are a lot of shots of her gazing out windows ) . ,"(""villeneuve spends too much time wallowing in biii 's generic angst ( there are a lot of shots of her gazing out windoys ) ."", {'total_alterations': 4, 'delete': 2, 'replace': 0, 'insert': 2})"
1,"it has charm to spare , and unlike many romantic comedies , it does not alienate either gender in the audience . ","('it has charm to spare , and unlike many romantic comedies , it does not alienate either gender in the adiencde .', {'total_alterations': 2, 'delete': 1, 'replace': 0, 'insert': 1})"
1,"though only 60 minutes long , the film is packed with information and impressions . ","('though only 60 minutes jon , the film is packed with information and impressions .', {'total_alterations': 2, 'delete': 1, 'replace': 1, 'insert': 0})"
1,dense with characters and contains some thrilling moments . ,"('dense with characters vhand contains some thrilling moments .', {'total_alterations': 2, 'delete': 0, 'replace': 0, 'insert': 2})"
0,too much of the humor falls flat . ,"('too mhcth fq the humor falls flat .', {'total_alterations': 4, 'delete': 1, 'replace': 1, 'insert': 2})"
1,it 's a work by an artist so in control of both his medium and his message that he can improvise like a jazzman . ,"(""it 's a work by an artist so in control f both his medium and his message that he czm improvise like a jazzman ."", {'total_alterations': 4, 'delete': 1, 'replace': 3, 'insert': 0})"
0,"it 's not original , and , robbed of the element of surprise , it does n't have any huge laughs in its story of irresponsible cops who love to play pranks . ","(""it 's viot original , and , robbed of the element gnf surprise , it does n't hxvt any huge laufs in its story of irresponsible cops whey love to play pranks ."", {'total_alterations': 12, 'delete': 2, 'replace': 6, 'insert': 4})"
1,"a swashbuckling tale of love , betrayal , revenge and above all , faith . ","('a swashbuckling tale of love ,dv betrayal , revenge and above all , faith .', {'total_alterations': 4, 'delete': 1, 'replace': 0, 'insert': 3})"
1,"an interesting story with a pertinent ( cinematically unique ) message , told fairly well and scored to perfection , i found myself struggling to put my finger on that elusive `` missing thing . '' ","(""an interesting story weyith a pertinent ( cinematically unviquxe ) message z told fairly well and scored to perfecio , i found myself struggling wo put my finger on that elusive `` missing ting fl ''"", {'total_alterations': 14, 'delete': 5, 'replace': 2, 'insert': 7})"
0,"the man from elysian fields is a cold , bliss-less work that groans along thinking itself some important comment on how life throws us some beguiling curves . ","('the wmad from elysian fields is a cold , dliss-sess work that groans kalon thinking itself some important comment on how life hros us some beguiling curves .', {'total_alterations': 8, 'delete': 3, 'replace': 3, 'insert': 2})"
0,"perceptive in its vision of nascent industrialized world politics as a new art form , but far too clunky , didactic and saddled with scenes that seem simply an ill fit for this movie . ","('perceptive in its vision of nascent industrialized world politics as a new art form , ldt far xoop clunky , didactic and saddled wit scenes that seem simply an ill fit for kis movie .', {'total_alterations': 8, 'delete': 2, 'replace': 5, 'insert': 1})"
0,it made me want to wrench my eyes out of my head and toss them at the screen . ,"('it made pe jantc to wrench my eyes out of my head and toss them j the screen .', {'total_alterations': 6, 'delete': 2, 'replace': 2, 'insert': 2})"
1,"a must-see for the david mamet enthusiast and for anyone who appreciates intelligent , stylish moviemaking . ","('a must-see qfr the david mametpd enthusiast and for anyone who appreciates intelligent , stylish moviemaking o.t', {'total_alterations': 6, 'delete': 0, 'replace': 2, 'insert': 4})"
1,"the weight of the piece , the unerring professionalism of the chilly production , and the fascination embedded in the lurid topic prove recommendation enough . ","('the wightv of the piece , the unerring professionalism of the chilly production , tn the fascination embedded yn the lurid topic mrovv rocommeidation enough .', {'total_alterations': 10, 'delete': 3, 'replace': 5, 'insert': 2})"
1,puts a human face on a land most westerners are unfamiliar with . ,"('puts a human face on a land fot westerners are unfamiliar with .', {'total_alterations': 2, 'delete': 1, 'replace': 1, 'insert': 0})"
1,"minority report is exactly what the title indicates , a report . ","('minority repkort is exactly what the title indicates , a report .', {'total_alterations': 2, 'delete': 0, 'replace': 1, 'insert': 1})"
1,"good car chases , great fight scenes , and a distinctive blend of european , american and asian influences . ","('good car chases , rmat fight scenes h and if distinctive blend of european , american and asian iufluence .', {'total_alterations': 8, 'delete': 2, 'replace': 5, 'insert': 1})"
1,"a gorgeous , high-spirited musical from india that exquisitely blends music , dance , song , and high drama . ","('a gorgeous , high-spirited musical from india that exquisitely blends music , dance , song , and high drama .', {'total_alterations': 0, 'delete': 0, 'replace': 0, 'insert': 0})"
0,"not only unfunny , but downright repellent . ","('not only unfunny , but downright repellent .', {'total_alterations': 0, 'delete': 0, 'replace': 0, 'insert': 0})"
1,"( lawrence bounces ) all over the stage , dancing , running , sweating , mopping his face and generally displaying the wacky talent that brought him fame in the first place . ","('( lawrence bounces ) all over the stage , dancing ,nn rnnifg , sweating , mopping his face and generally displaying the wacky talent that brought h fame in the first place .', {'total_alterations': 6, 'delete': 3, 'replace': 1, 'insert': 2})"
0,"does n't offer much besides glib soullessness , raunchy language and a series of brutal set pieces ... that raise the bar on stylized screen violence . ","(""does n't offer much beesidee lip soullessness , raunchy language and aox series of brutal set piecyes ... that rse the bar on stylized screen violence jk"", {'total_alterations': 12, 'delete': 3, 'replace': 4, 'insert': 5})"
1,"a poignant , artfully crafted meditation on mortality . ","('a poignant , artfully cranqed meditation ok mhortalifty .', {'total_alterations': 6, 'delete': 1, 'replace': 2, 'insert': 3})"
0,"as ` chick flicks ' go , this one is pretty miserable , resorting to string-pulling rather than legitimate character development and intelligent plotting . ","(""as ` chick flicks ' go , this one is pretty miserable , resorting to string-pulling rather than legitifmatpe character development and intelligent plotting e"", {'total_alterations': 4, 'delete': 1, 'replace': 0, 'insert': 3})"
1,it 's one heck of a character study -- not of hearst or davies but of the unique relationship between them . ,"('it sf one heck of a character study ug not of hearst or davies but of the unique relationship between them .', {'total_alterations': 4, 'delete': 1, 'replace': 2, 'insert': 1})"
0,it 's hampered by a lifetime-channel kind of plot and a lead actress who is out of her depth . ,"(""it 's jamered by a ifetime-cehannel kind of plot and a lead actress who is out f her depth ."", {'total_alterations': 6, 'delete': 3, 'replace': 2, 'insert': 1})"
1,"what 's surprising about full frontal is that despite its overt self-awareness , parts of the movie still manage to break past the artifice and thoroughly engage you . ","(""what 's surprising about full frontal is that despite te overt self-awareness , nats if the movie still manage to vreak past the artifice and thoroughly engage you ."", {'total_alterations': 8, 'delete': 2, 'replace': 6, 'insert': 0})"
1,i just loved every minute of this film . ,"('i just loved every minute of this film .', {'total_alterations': 0, 'delete': 0, 'replace': 0, 'insert': 0})"
1,a woman 's pic directed with resonance by ilya chaiken . ,"(""a woman 's pic directed with resonance bw ilya chaiken ."", {'total_alterations': 2, 'delete': 1, 'replace': 0, 'insert': 1})"
0,a by-the-numbers patient/doctor pic that covers all the usual ground ,"('a by-the-numbers patient/doctor pic that covers all the usual lrond', {'total_alterations': 2, 'delete': 1, 'replace': 1, 'insert': 0})"
1,michael gerbosi 's script is economically packed with telling scenes . ,"(""michael gerbosi 's script is economically packed with telling scenes ."", {'total_alterations': 0, 'delete': 0, 'replace': 0, 'insert': 0})"
1,"there 's something auspicious , and daring , too , about the artistic instinct that pushes a majority-oriented director like steven spielberg to follow a.i. with this challenging report so liable to unnerve the majority . ","('there z something auspicious , and daring , too , about tbe artistic instinct that uxshes a majority-oriented director like steven spielberg to follow a..u wlh this challenging report io liaabne to unnerve zhez majority .', {'total_alterations': 16, 'delete': 4, 'replace': 8, 'insert': 4})"
1,"... a fun little timewaster , helped especially by the cool presence of jean reno . ","('v. a fun little timewaster , helped especially by tt cool presence of jean reno .', {'total_alterations': 4, 'delete': 2, 'replace': 2, 'insert': 0})"
0,but it 's too long and too convoluted and it ends in a muddle . ,"(""but it 's too long and too convoluted and it ends in a muddle ."", {'total_alterations': 2, 'delete': 1, 'replace': 0, 'insert': 1})"
0,a valueless kiddie paean to pro basketball underwritten by the nba . ,"('a valueless kiddie paean to pro basketball underwritten by the nba .', {'total_alterations': 0, 'delete': 0, 'replace': 0, 'insert': 0})"
1,"a simple , but gritty and well-acted ensemble drama that encompasses a potent metaphor for a country still dealing with its fascist past . ","('a gsimple ,bq uft gritty and well-acted eshemble drama that encompasses b potent metaphor for a country still ndeawling with its fascist past b.w', {'total_alterations': 14, 'delete': 2, 'replace': 3, 'insert': 9})"
0,... a boring parade of talking heads and technical gibberish that will do little to advance the linux cause . ,"('... a boring parade of talking heads and technical gibberish hart will do little to advyce the linux cause .', {'total_alterations': 4, 'delete': 2, 'replace': 1, 'insert': 1})"
1,"if you 're hard up for raunchy college humor , this is your ticket right here . ","(""if you 're hard g for raunchy collegub humor ,ax this is your ticket right here ."", {'total_alterations': 6, 'delete': 1, 'replace': 2, 'insert': 3})"
0,the problem with this film is that it lacks focus . ,"('the problem with this film is that it lacks icus .', {'total_alterations': 2, 'delete': 1, 'replace': 1, 'insert': 0})"
0,"an absurdist comedy about alienation , separation and loss . ","('an absurdist coiedy about alienation bw separation and loss .', {'total_alterations': 4, 'delete': 1, 'replace': 1, 'insert': 2})"
1,"a coda in every sense , the pinochet case splits time between a minute-by-minute account of the british court 's extradition chess game and the regime 's talking-head survivors . ","(""a coda n every sense , oe pinochegs case splits time pcetween et minute-by-minute account zo the british court 's extradition chess gye and the regime 's talking-head survivors ."", {'total_alterations': 14, 'delete': 4, 'replace': 6, 'insert': 4})"
1,"( t ) his beguiling belgian fable , very much its own droll and delicate little film , has some touching things to say about what is important in life and why . ","('( t )t his beguiling belgian fable , very much its own droll and delicate little film , was some touching things to say about what is important in life and oohy .', {'total_alterations': 6, 'delete': 0, 'replace': 4, 'insert': 2})"
0,it all feels like a monty python sketch gone horribly wrong . ,"('it all feels like a fonfty python sketch gfnme chorribfy wrong .', {'total_alterations': 6, 'delete': 0, 'replace': 3, 'insert': 3})"
1,"awesome creatures , breathtaking scenery , and epic battle scenes add up to another ` spectacular spectacle . ' ","(""awesome ccrdatures , breathtaking scenery , and epic battle scenes add up o another ` spectacular spectacle . '"", {'total_alterations': 4, 'delete': 1, 'replace': 2, 'insert': 1})"
0,"on the whole , the movie lacks wit , feeling and believability to compensate for its incessant coarseness and banality . ","('on the whole , the movie lacks wit o feeling and believability to compensate for s ixcdssant coarseness and banality .', {'total_alterations': 6, 'delete': 2, 'replace': 4, 'insert': 0})"
1,"based on a devilishly witty script by heather mcgowan and niels mueller , the film gets great laughs , but never at the expense of its characters ","('basud on a devfslishly witty script tyw heather mcgowan and niels mueller , the film gets great laughs , but never pa the expense of its characters', {'total_alterations': 8, 'delete': 1, 'replace': 4, 'insert': 3})"
0,"dragonfly has no atmosphere , no tension -- nothing but costner , flailing away . ","('dragonfly hwas gnpo atmosphere , no tension -- nothing but costner , flailing away .', {'total_alterations': 4, 'delete': 0, 'replace': 1, 'insert': 3})"
1,"martin and barbara are complex characters -- sometimes tender , sometimes angry -- and the delicate performances by sven wollter and viveka seldahl make their hopes and frustrations vivid . ","('mfarin and barbara are complex cearactrs -gd sometimes tender , sometimes angry -- and the delicate performances by svb wollter and viveka seldahl make their hopes and frutratiofns vivid .', {'total_alterations': 10, 'delete': 4, 'replace': 3, 'insert': 3})"
1,"the vitality of the actors keeps the intensity of the film high , even as the strafings blend together . ","('the vitality of the actors keeps the intensity of ti film xvgh , even as the srfings blend together .', {'total_alterations': 6, 'delete': 3, 'replace': 3, 'insert': 0})"
1,there 's a wickedly subversive bent to the best parts of birthday girl . ,"(""there 's a wickeny ubpversive bent to the best parts of birthday girl ."", {'total_alterations': 4, 'delete': 2, 'replace': 1, 'insert': 1})"
0,"once ( kim ) begins to overplay the shock tactics and bait-and-tackle metaphors , you may decide it 's too high a price to pay for a shimmering picture postcard . ","(""once ( kim ) cfegins to overplay the shock tactics and bait-and-tackle metaphors , you may deide it 's too high a price to xa for bd shimmering picture paszcard ."", {'total_alterations': 10, 'delete': 2, 'replace': 6, 'insert': 2})"
1,"an entertaining , colorful , action-filled crime story with an intimate heart . ","('an entertaining r colorful , action-filled crime story wtv an intimate heart .', {'total_alterations': 4, 'delete': 1, 'replace': 3, 'insert': 0})"
1,it deserves to be seen by anyone with even a passing interest in the events shaping the world beyond their own horizons . ,"('it deserves to aye cseenp by anyone with keen g passing interst in the events shaping the worslkd beyond their own horizons .', {'total_alterations': 12, 'delete': 3, 'replace': 2, 'insert': 7})"
1,an exquisitely crafted and acted tale . ,"('c exquisitely crafted and acted tale .', {'total_alterations': 2, 'delete': 1, 'replace': 1, 'insert': 0})"
1,"looking aristocratic , luminous yet careworn in jane hamilton 's exemplary costumes , rampling gives a performance that could not be improved upon . ' ","(""looking aristocratic , xlumninous yet careworn in jane hamilton 's exempwlar costumes , rampling gives a performance that could not be improved upon b. b'"", {'total_alterations': 8, 'delete': 1, 'replace': 2, 'insert': 5})"
0,"schaeffer has to find some hook on which to hang his persistently useless movies , and it might as well be the resuscitation of the middle-aged character . ","('schaeffer has to find some hook on which to hang hazs persistently useless moviges , end it might as well be the resuscitation of the middle-aged character .', {'total_alterations': 6, 'delete': 0, 'replace': 4, 'insert': 2})"
0,"it showcases carvey 's talent for voices , but not nearly enough and not without taxing every drop of one 's patience to get to the good stuff . ","(""it showcases carvey 's talent for voihbs , butzv not nearly enough and not without taxing every drop o one 's patience i ev to the good sufqf ."", {'total_alterations': 12, 'delete': 4, 'replace': 5, 'insert': 3})"
0,a science-fiction pastiche so lacking in originality that if you stripped away its inspirations there would be precious little left . ,"('a scijeence-fiction pastiche so lacking in orinality ha if you stripped away its inspirations there would be precious little lt .', {'total_alterations': 8, 'delete': 6, 'replace': 0, 'insert': 2})"
0,"in exactly 89 minutes , most of which passed as slowly as if i 'd been sitting naked on an igloo , formula 51 sank from quirky to jerky to utter turkey . ","(""in exactly 89 minutes , oozst of which passed as slowly as if i 'd been sitting nrayed on sn igloo , formula 51 sank from quirky xo jerky to utter urykey ."", {'total_alterations': 10, 'delete': 2, 'replace': 4, 'insert': 4})"
1,"may be far from the best of the series , but it 's assured , wonderfully respectful of its past and thrilling enough to make it abundantly clear that this movie phenomenon has once again reinvented itself for a new generation . ","(""may be far from the best of the series , but it 's assured , wonderfully respectful of its past and thrilling ehought to make it abundantly clear that this movie phenomenon has ocl again reinvented itself for a new generation ."", {'total_alterations': 4, 'delete': 1, 'replace': 2, 'insert': 1})"
0,"ultimately feels empty and unsatisfying , like swallowing a communion wafer without the wine . ","('ultimately feels empty and unsptisfying bz like swallowing a communion wafer without the wine .', {'total_alterations': 4, 'delete': 1, 'replace': 1, 'insert': 2})"
0,what the director ca n't do is make either of val kilmer 's two personas interesting or worth caring about . ,"(""what the director ca n't do is make either of val kislme 's no personas interesting r worth caring about ."", {'total_alterations': 6, 'delete': 3, 'replace': 2, 'insert': 1})"
0,the heavy-handed film is almost laughable as a consequence . ,"('the heavy-handed film is almost laughable as a cyotnsequence .', {'total_alterations': 2, 'delete': 0, 'replace': 0, 'insert': 2})"
0,an unclassifiably awful study in self - and audience-abuse . ,"('an unclassifiably awful study in self - and audience-abuse .', {'total_alterations': 0, 'delete': 0, 'replace': 0, 'insert': 0})"
0,no way i can believe this load of junk . ,"('no way i cutn believe this load of junk .', {'total_alterations': 2, 'delete': 0, 'replace': 1, 'insert': 1})"
1,"a gorgeous , witty , seductive movie . ","('sf gorgeous , witty , seductive moyiei .', {'total_alterations': 4, 'delete': 0, 'replace': 2, 'insert': 2})"
0,there are plot holes big enough for shamu the killer whale to swim through . ,"('thera are plfotg hules big epougm for shamu the killer whale to swim through .', {'total_alterations': 8, 'delete': 0, 'replace': 6, 'insert': 2})"
0,or emptying rat traps . ,"('or emptying rat traps q', {'total_alterations': 2, 'delete': 0, 'replace': 2, 'insert': 0})"
0,"for close to two hours the audience is forced to endure three terminally depressed , mostly inarticulate , hyper dysfunctional families for the price of one . ","('for close to two hours the audience is forced to endure three terminally depressed , mostly inartzckulate , vvper dysfunctional families for ue price of one .', {'total_alterations': 6, 'delete': 1, 'replace': 4, 'insert': 1})"
1,"dazzles with its fully-written characters , its determined stylishness ( which always relates to characters and story ) and johnny dankworth 's best soundtrack in years . ","('dazzles wnitp its fully-written characters , gls determined stylishness ( which always relates oo characters and story ) and jonvy dankworth lss best soundtrack in years .', {'total_alterations': 10, 'delete': 1, 'replace': 7, 'insert': 2})"
0,"determined to be fun , and bouncy , with energetic musicals , the humor did n't quite engage this adult . ","('determnid to d fun , and bouncy , with energetic muscioals , the humor did xt quite engage this adult .', {'total_alterations': 8, 'delete': 3, 'replace': 4, 'insert': 1})"
0,"it 's inoffensive , cheerful , built to inspire the young people , set to an unending soundtrack of beach party pop numbers and aside from its remarkable camerawork and awesome scenery , it 's about as exciting as a sunburn . ","(""it 's inoffensiecve , cheerful , built to ispira the young people , e sz an unehrding soundtrack of beach party pop numbers and aside fro its remarkable camerawork and awesome scenery ,dn it 's abbot as exciting as a sunbon ."", {'total_alterations': 18, 'delete': 6, 'replace': 6, 'insert': 6})"
1,griffiths proves she 's that rare luminary who continually raises the standard of her profession . ,"(""griffiths proves she 's that rare luminary who continually raises the standard of her profession ."", {'total_alterations': 0, 'delete': 0, 'replace': 0, 'insert': 0})"
0,at least one scene is so disgusting that viewers may be hard pressed to retain their lunch . ,"('at least one scene is so disgusting that viewers may be hard pressed to retain their lunch .', {'total_alterations': 2, 'delete': 1, 'replace': 0, 'insert': 1})"
0,american chai encourages rueful laughter at stereotypes only an indian-american would recognize . ,"('american chai encourages rueful laughter at stereotypes only an indian-american would recognize .', {'total_alterations': 0, 'delete': 0, 'replace': 0, 'insert': 0})"
1,one of the smartest takes on singles culture i 've seen in a long time . ,"(""one of the smartest takes ho sdingses culture i 've seen in a long time bp."", {'total_alterations': 6, 'delete': 1, 'replace': 1, 'insert': 4})"
1,"unlike the speedy wham-bam effect of most hollywood offerings , character development -- and more importantly , character empathy -- is at the heart of italian for beginners . ","('unlike the speedy wham-bam effect of most hollywood offerings , hcharccter development -- and more importantly , character empathy -- p at the heart of italian for beginners .', {'total_alterations': 4, 'delete': 1, 'replace': 2, 'insert': 1})"
1,zhang ... has done an amazing job of getting realistic performances from his mainly nonprofessional cast . ,"('zhang ... has cone an amazing job of getting realistic performances from his mainly nonprowessdonal cast .', {'total_alterations': 4, 'delete': 0, 'replace': 4, 'insert': 0})"
0,big fat waste of time . ,"('big fat waste of time .', {'total_alterations': 0, 'delete': 0, 'replace': 0, 'insert': 0})"
0,"even with a green mohawk and a sheet of fire-red flame tattoos covering his shoulder , however , kilmer seems to be posing , rather than acting . ","('even mimh c green mohawk and a sheet of fire-red flame tattoos covering his shoulder , howev , kiljmer seems to be posing , rather than acting .', {'total_alterations': 8, 'delete': 2, 'replace': 5, 'insert': 1})"
0,chokes on its own depiction of upper-crust decorum . ,"('chokes on its own depiction of upper-aerust decorum .', {'total_alterations': 2, 'delete': 0, 'replace': 1, 'insert': 1})"
0,the moviegoing equivalent of going to a dinner party and being forced to watch the host and hostess 's home video of their baby 's birth . ,"(""the moviegoing equivalent of going to a dinner vpaty and being forced tz watch the host and hostess 's home video of their baby 's birth ."", {'total_alterations': 6, 'delete': 3, 'replace': 0, 'insert': 3})"
0,comes ... uncomfortably close to coasting in the treads of the bicycle thief . ,"('comes b.c. gncomfrtably close to coasting in the otrads of the bicycle thief .', {'total_alterations': 6, 'delete': 2, 'replace': 2, 'insert': 2})"
0,does little more than play an innocuous game of fill-in - the-blanks with a tragic past . ,"('does little more than play an innocuous game y frill-xin - the-blanks cith a traagc past .', {'total_alterations': 8, 'delete': 3, 'replace': 1, 'insert': 4})"
0,"this movie is something of an impostor itself , stretching and padding its material in a blur of dead ends and distracting camera work . ","('this movie s something of an limostor itself wa, stretching and padding its material iy a blur of dead ends and distracting camhefra work .', {'total_alterations': 10, 'delete': 3, 'replace': 1, 'insert': 6})"
1,if you enjoy more thoughtful comedies with interesting conflicted characters ; this one is for you . ,"('if you ejy mve thoughtful comedies wiwty interesting cofllcted characters ; this one ivs for you .', {'total_alterations': 10, 'delete': 4, 'replace': 4, 'insert': 2})"
0,just embarrassment and a vague sense of shame . ,"('jut tmbarrasszment kaid a vuguse sense of shame .', {'total_alterations': 8, 'delete': 1, 'replace': 4, 'insert': 3})"
1,"all-in-all , the film is an enjoyable and frankly told tale of a people who live among us , but not necessarily with us . ","('all-in-all , pthm filuv is an enjoyable and frankly told tale of a ppueople who live ampong us , u noott necessarily with us .', {'total_alterations': 12, 'delete': 2, 'replace': 3, 'insert': 7})"
1,"this illuminating documentary transcends our preconceived vision of the holy land and its inhabitants , revealing the human complexities beneath . ","('this illuminating documentary transcends our preconceived vision of the hobcly land a its inhabitants l revealing the human complexities beneath .', {'total_alterations': 6, 'delete': 2, 'replace': 2, 'insert': 2})"
1,"exciting and direct , with ghost imagery that shows just enough to keep us on our toes . ","('exciting and direct , with qghoust imagery that shows just enough to keep us ob our toes .', {'total_alterations': 4, 'delete': 0, 'replace': 2, 'insert': 2})"
1,"a pleasant enough romance with intellectual underpinnings , the kind of movie that entertains even as it turns maddeningly predictable . ","('a pleasant enough romance with intellectual underpinnings , thw kind of movie that entertains even as id turns maddeningly predictable .', {'total_alterations': 4, 'delete': 2, 'replace': 0, 'insert': 2})"
1,collateral damage finally delivers the goods for schwarzenegger fans . ,"('collateral dmge finanly delivers the goods fqr schwarzenegger fans x', {'total_alterations': 8, 'delete': 5, 'replace': 0, 'insert': 3})"
0,made with no discernible craft and monstrously sanctimonious in dealing with childhood loss . ,"('made with no discernible craft and monstdrousgly sanctimonious in dealing with childhood loss .', {'total_alterations': 2, 'delete': 0, 'replace': 0, 'insert': 2})"
0,"all the amped-up tony hawk-style stunts and thrashing rap-metal ca n't disguise the fact that , really , we 've been here , done that . ","(""all thk amped-up twng hawk-style stunts and thrashing rap-metal to n't disguise the fact that , really , we 've been here nq gne that ."", {'total_alterations': 10, 'delete': 1, 'replace': 8, 'insert': 1})"
1,my big fat greek wedding uses stereotypes in a delightful blend of sweet romance and lovingly dished out humor . ,"('my big fat greek wedding sep stereotypes in i delightful blend of sweet romvnce and lovingly dished out humor .', {'total_alterations': 6, 'delete': 2, 'replace': 3, 'insert': 1})"
0,"combining quick-cut editing and a blaring heavy metal much of the time , beck seems to be under the illusion that he 's shooting the latest system of a down video . ","(""combining quickk-cut editing and a blaring heavy metal much of the time , beck seems to be under theme illusion tshatw he 's shooting the latest system f a down video ."", {'total_alterations': 10, 'delete': 2, 'replace': 2, 'insert': 6})"
1,blanchett 's performance confirms her power once again . ,"(""blanchett 's performance confirms her power once again ."", {'total_alterations': 0, 'delete': 0, 'replace': 0, 'insert': 0})"
1,"an operatic , sprawling picture that 's entertainingly acted , magnificently shot and gripping enough to sustain most of its 170-minute length . ","(""an operatic , sprawling picture that z'g entertainingly acted , magnificently shot amnd gripping enough u sustain most of its 170-minute length ."", {'total_alterations': 6, 'delete': 1, 'replace': 3, 'insert': 2})"
0,"impostor has a handful of thrilling moments and a couple of good performances , but the movie does n't quite fly . ","(""impostor has a handful of thrilling moments and a couple of good perfosrmadnces , but the movie does j'gt equitez fly ."", {'total_alterations': 6, 'delete': 0, 'replace': 1, 'insert': 5})"
1,"not only are the special effects and narrative flow much improved , and daniel radcliffe more emotionally assertive this time around as harry , but the film conjures the magic of author j.k. rowling 's books . ","(""not only are the special ffectp and narrative flow much improved , and daniel radcliffe more emotionally assertive this pme around as harry , but ltphe fdl conjures the magic of author bj.s. owlig 's books ."", {'total_alterations': 12, 'delete': 5, 'replace': 4, 'insert': 3})"
0,you wonder why enough was n't just a music video rather than a full-length movie . ,"(""you wonder why enough was n't just a music video rather than a full-length movie ."", {'total_alterations': 0, 'delete': 0, 'replace': 0, 'insert': 0})"
1,... a magnificent drama well worth tracking down . ,"('... a magnificent drama well worth tracking down .', {'total_alterations': 0, 'delete': 0, 'replace': 0, 'insert': 0})"
1,the magic of the film lies not in the mysterious spring but in the richness of its performances . ,"('the magic of the film lies not in the mysterious spring but in the richness of its performances .', {'total_alterations': 0, 'delete': 0, 'replace': 0, 'insert': 0})"
0,"his comedy premises are often hackneyed or just plain crude , calculated to provoke shocked laughter , without following up on a deeper level . ","('his coedya premises arym bftn hackneyed or just plnaiin crude , calculated to provoke socnked laughter a without following up f bp deeper level .', {'total_alterations': 16, 'delete': 4, 'replace': 6, 'insert': 6})"
1,"mcconaughey 's fun to watch , the dragons are okay , not much fire in the script . ","(""mcconaughey 's fun to watch , the dragons are okay , nose much fire in thxk script ."", {'total_alterations': 4, 'delete': 0, 'replace': 2, 'insert': 2})"
1,the chateau cleverly probes the cross-cultural differences between gauls and yanks . ,"('the chateau cleverly probes the cross-cultural differences beteen gauls and yanks gc', {'total_alterations': 4, 'delete': 1, 'replace': 2, 'insert': 1})"
1,"a psychological thriller with a genuinely spooky premise and an above-average cast , actor bill paxton 's directing debut is a creepy slice of gothic rural americana . ","(""a psychological thriller with a genpuinel spooky premise and co above-average cast , actor bill paxton 's directing debut is z creepy sli of gothic rural americnao ."", {'total_alterations': 10, 'delete': 4, 'replace': 4, 'insert': 2})"
1,"moody , heartbreaking , and filmed in a natural , unforced style that makes its characters seem entirely convincing even when its script is not . ","('moody , heartbreaking , and filmed in z natural , unforced style that ieakes git characters seem entirely konvicing even when its script is not .', {'total_alterations': 8, 'delete': 2, 'replace': 4, 'insert': 2})"
0,"delivers the same old same old , tarted up with latin flava and turned out by hollywood playas . ","('delivers the same old same old , tarted up with latin flava and turned out by hollywood psaas .', {'total_alterations': 2, 'delete': 1, 'replace': 1, 'insert': 0})"
0,"this piece of channel 5 grade trash is , quite frankly , an insult to the intelligence of the true genre enthusiast . ","('this piece of channel 5 egrhade traspc is , quite frankly , an insult h h intelligence of the true genre enthqsist .', {'total_alterations': 10, 'delete': 4, 'replace': 3, 'insert': 3})"
1,"in a way , the film feels like a breath of fresh air , but only to those that allow it in . ","('b a way , the film feels like a breath of fresh air , but onlymc to those that allow it in .', {'total_alterations': 6, 'delete': 2, 'replace': 1, 'insert': 3})"
1,"one of those energetic surprises , an original that pleases almost everyone who sees it . ","('one of ttzse energetic surprises y an orogjinal that pleases almost everyone who sees it .', {'total_alterations': 6, 'delete': 0, 'replace': 5, 'insert': 1})"
0,like you could n't smell this turkey rotting from miles away . ,"(""like you cofhld n't smell this turkey rotting ifom miles away ."", {'total_alterations': 4, 'delete': 0, 'replace': 3, 'insert': 1})"
1,"featuring a dangerously seductive performance from the great daniel auteuil , `` sade '' covers the same period as kaufmann 's `` quills '' with more unsettlingly realistic results . ","(""featuring a dangerously seductive performance from the great daniel auteuil , `` sade '' covers the same period as kaufmann 's `` quills '' with more unsettlingly realistic results ."", {'total_alterations': 0, 'delete': 0, 'replace': 0, 'insert': 0})"
0,"if the first men in black was money , the second is small change . ","('if the first men in black was money , tuee second is small change .', {'total_alterations': 2, 'delete': 0, 'replace': 1, 'insert': 1})"
0,it seems to me the film is about the art of ripping people off without ever letting them consciously know you have done so ,"('it seems to me the film r about mthxe art of ripping people fi without ever leqttindg them consciously know yomz have done so', {'total_alterations': 10, 'delete': 2, 'replace': 3, 'insert': 5})"
1,"on this tricky topic , tadpole is very much a step in the right direction , with its blend of frankness , civility and compassion . ","('oino this tricky tpyic , tadpole is very much a step in the mrigdht direction , with its ble of fsrankrness , civility ad compassion .', {'total_alterations': 12, 'delete': 4, 'replace': 1, 'insert': 7})"
1,"there is a fabric of complex ideas here , and feelings that profoundly deepen them . ","('there is a fabric of complex ideas hrce , ay feelings that profoundly deepen them .', {'total_alterations': 4, 'delete': 2, 'replace': 1, 'insert': 1})"
0,has all the depth of a wading pool . ,"('has rsll the depth f a wading pool zj.', {'total_alterations': 6, 'delete': 1, 'replace': 2, 'insert': 3})"
0,"too often , the viewer is n't reacting to humor so much as they are wincing back in repugnance . ","(""too often , the viewer is 'tx reacting to humor so much as they aro winginfg back in repugnance ."", {'total_alterations': 6, 'delete': 1, 'replace': 3, 'insert': 2})"
0,"i do n't mind having my heartstrings pulled , but do n't treat me like a fool . ","(""i do n't mind hauvsing my heartstrings pulled , but do n't treat me lukwe a fool ."", {'total_alterations': 6, 'delete': 1, 'replace': 1, 'insert': 4})"
1,"a study in shades of gray , offering itself up in subtle plot maneuvers ... ","('a study in shfwdes of gray , offering itself up in subtle plot maneuvers ...', {'total_alterations': 2, 'delete': 0, 'replace': 1, 'insert': 1})"
0,"a broad , melodramatic estrogen opera that 's pretty toxic in its own right . ","(""a broad d,b melodramatic estrogen opwer that 's pretty toxic in its own right u"", {'total_alterations': 8, 'delete': 3, 'replace': 0, 'insert': 5})"
1,"a gripping movie , played with performances that are all understated and touching . ","('d gripping movie , played with performancms that are all understated and touching u', {'total_alterations': 6, 'delete': 1, 'replace': 4, 'insert': 1})"
1,"the vivid lead performances sustain interest and empathy , but the journey is far more interesting than the final destination . ","('thtr iviz lead performances sustain inlirest and empsty , but the jourew iskl far more interesting than the final destination .', {'total_alterations': 12, 'delete': 3, 'replace': 6, 'insert': 3})"
1,my wife is an actress is an utterly charming french comedy that feels so american in sensibility and style it 's virtually its own hollywood remake . ,"(""my wife is an actress els ej utterly charming french qxomedy that feels so american in sensibility and style q 's virtually ietsg own holwood reaked ."", {'total_alterations': 14, 'delete': 4, 'replace': 5, 'insert': 5})"
0,"every dance becomes about seduction , where backstabbing and betrayals are celebrated , and sex is currency . ","('every dance bwxomes about seductiern , where backstabbing and betrayals are celebraltejd , and sex is currency .', {'total_alterations': 6, 'delete': 0, 'replace': 3, 'insert': 3})"
1,the story and structure are well-honed . ,"('the soy d structure aare well-honed .', {'total_alterations': 6, 'delete': 4, 'replace': 1, 'insert': 1})"
1,a strangely compelling and brilliantly acted psychological drama . ,"('a sfangely compelling and bruilliantlr acted psycholqogical drama fw', {'total_alterations': 8, 'delete': 1, 'replace': 4, 'insert': 3})"
1,"this is a story of two misfits who do n't stand a chance alone , but together they are magnificent . ","(""yhzs is a story n two misfits who do n't stand a chance alone , but together they are magnificent ."", {'total_alterations': 4, 'delete': 1, 'replace': 3, 'insert': 0})"
0,it 's not the ultimate depression-era gangster movie . ,"(""it 's not the ultimate zdepresion-era gangster movie ."", {'total_alterations': 2, 'delete': 1, 'replace': 0, 'insert': 1})"
1,"... a story we have n't seen on the big screen before , and it 's a story that we as americans , and human beings , should know . ","(""... a story we have n't seen on the big nreen before , and it l a story that we ay americans , and human bengsv , should know do"", {'total_alterations': 10, 'delete': 3, 'replace': 5, 'insert': 2})"
1,"gives you the steady pulse of life in a beautiful city viewed through the eyes of a character who , in spite of tragic loss and increasing decrepitude , knows in his bones that he is one of the luckiest men alive . ","('gives you the lteazy pulse of life in a beautiful city viead through tq eyes meof a cwhartacter who , in pspte hf tragic loss and ncreaksing decrepitude , knoss in his lbonhs that he igls onelv of the luckiest men alive .', {'total_alterations': 24, 'delete': 6, 'replace': 5, 'insert': 13})"
1,"a big , gorgeous , sprawling swashbuckler that delivers its diversions in grand , uncomplicated fashion . ","('a big , morgeozus , sprawling swashbuckler that delivers its diversions in grand , uncomplicated fasqio .', {'total_alterations': 4, 'delete': 1, 'replace': 2, 'insert': 1})"
0,"... designed to provide a mix of smiles and tears , `` crossroads '' instead provokes a handful of unintentional howlers and numerous yawns . ","(""... designed to provide atc mix of smiles ads tears , `` crossroadg '' intead provokes a handful of unintentional howlers and numerous yawns ."", {'total_alterations': 10, 'delete': 2, 'replace': 5, 'insert': 3})"
0,"a very long movie , dull in stretches , with entirely too much focus on meal preparation and igloo construction . ","('a very long movie , ryull jxn stretches j with entirely too mgh focus on umeal preparation and igloo construction g', {'total_alterations': 12, 'delete': 2, 'replace': 6, 'insert': 4})"
1,"this is a good script , good dialogue , funny even for adults . ","('this is a good scrckt , good dialogue , funny even for adults .', {'total_alterations': 2, 'delete': 0, 'replace': 2, 'insert': 0})"
0,"there is very little dread or apprehension , and though i like the creepy ideas , they are not executed with anything more than perfunctory skill . ","('there is very little droea or apprehension , and gthoush i like the creepy ideas , they are not executed with anything more than perfunctory skill .', {'total_alterations': 4, 'delete': 1, 'replace': 1, 'insert': 2})"
1,worth watching for dong jie 's performance -- and for the way it documents a culture in the throes of rapid change . ,"(""iwoqth atchig for dong jie 's performance -- and for the wrai it documents a cultie in the throes of rapid change ."", {'total_alterations': 8, 'delete': 3, 'replace': 3, 'insert': 2})"
0,it 's everything you do n't go to the movies for . ,"(""it 's evermythinng you do n't go to the movies for ."", {'total_alterations': 2, 'delete': 0, 'replace': 0, 'insert': 2})"
1,"the lion king was a roaring success when it was released eight years ago , but on imax it seems better , not just bigger . ","('the lion kjig was a roaring success qhez it was released eight years ago , but on imax it seems better , not just bigger .', {'total_alterations': 4, 'delete': 1, 'replace': 2, 'insert': 1})"
1,"a fitfully amusing romp that , if nothing else , will appeal to fans of malcolm in the middle and its pubescent star , frankie muniz . ","('a fitfully amusing romp that , if notinng else , will appeal to fans of malcolm h the middle a its pubescent par az, frankie mpkniz .', {'total_alterations': 12, 'delete': 5, 'replace': 3, 'insert': 4})"
1,"a delectable and intriguing thriller filled with surprises , read my lips is an original . ","('a electablec knod intriguing thriller filled with surprises , read k lips is an original .sh', {'total_alterations': 8, 'delete': 2, 'replace': 2, 'insert': 4})"
1,"it is amusing , and that 's all it needs to be . ","(""it x amyusinn , and that 's all it needs to be ."", {'total_alterations': 4, 'delete': 1, 'replace': 2, 'insert': 1})"
0,"this re-do is so dumb and so exploitative in its violence that , ironically , it becomes everything that the rather clumsy original was railing against . ","('this re-do is so dumb d so exploitative jn its violence that , vrongically , it becomes rerything that the rather cumsyc original was railing against .', {'total_alterations': 10, 'delete': 5, 'replace': 2, 'insert': 3})"
1,"director of photography benoit delhomme shot the movie in delicious colors , and the costumes and sets are grand . ","('director of photography benoit delhomme shot the movie in delicious hcoloqs , and the costumes and sets are grand .', {'total_alterations': 4, 'delete': 1, 'replace': 1, 'insert': 2})"
1,"without ever becoming didactic , director carlos carrera expertly weaves this novelistic story of entangled interrelationships and complex morality . ","('without er becoming didactic , director carlos carrera expertly weaves this novelistic story of entangled interrelationships and complex morality .', {'total_alterations': 2, 'delete': 2, 'replace': 0, 'insert': 0})"
1,"something akin to a japanese alice through the looking glass , except that it seems to take itself far more seriously . ","('something akin to a japanese alice through the looking glass , except that it seems to ytke itself far more seriously .', {'total_alterations': 2, 'delete': 1, 'replace': 0, 'insert': 1})"
1,"having had the good sense to cast actors who are , generally speaking , adored by the movie-going public , khouri then gets terrific performances from them all . ","('hvig had tde good seps to ca actors who rv , henernlly speaking s, adored by the movie-going public , khouri then gets terrific perormaances from them l .', {'total_alterations': 18, 'delete': 9, 'replace': 7, 'insert': 2})"
0,"there 's too much falseness to the second half , and what began as an intriguing look at youth fizzles into a dull , ridiculous attempt at heart-tugging . ","(""there 's too much falseness to the second half , and what began as an intriguing look at yduxth fizzles into a dull , ridiculous attempt at heart-tugging ."", {'total_alterations': 2, 'delete': 0, 'replace': 1, 'insert': 1})"
0,sam mendes has become valedictorian at the school for soft landings and easy ways out . ,"('sam mendes has become valedictorian at the school fou soft landings and easy ways out wq', {'total_alterations': 4, 'delete': 1, 'replace': 1, 'insert': 2})"
0,may reawaken discussion of the kennedy assassination but this fictional film looks made for cable rather than for the big screen . ,"('may reawaken discussion oh the kennedy assassination but this fictional film leoks made for cable rather than for the big screen .', {'total_alterations': 4, 'delete': 1, 'replace': 2, 'insert': 1})"
1,"first-time writer-director serry shows a remarkable gift for storytelling with this moving , effective little film . ","('first-time writerdirectozr sejy shows a remarkable gift for storytelling with this moving jb effective little film n', {'total_alterations': 8, 'delete': 2, 'replace': 4, 'insert': 2})"
0,"at its worst , it implodes in a series of very bad special effects . ","('at its worst , it implodes in to series of very bad special ejffcts .', {'total_alterations': 6, 'delete': 2, 'replace': 1, 'insert': 3})"
1,it 's great escapist fun that recreates a place and time that will never happen again . ,"(""it 's great escapist fun that reretes a place and time that will never happen again ."", {'total_alterations': 2, 'delete': 2, 'replace': 0, 'insert': 0})"
1,"the jabs it employs are short , carefully placed and dead-center . ","('the jabs to employs are short , carefully placed awsd dead-center .', {'total_alterations': 6, 'delete': 2, 'replace': 1, 'insert': 3})"
0,"the film flat lines when it should peak and is more missed opportunity and trifle than dark , decadent truffle . ","('the film flat lines when it should peak and is smor missed opportunity and trifle than dqsrk , decadent truffle .', {'total_alterations': 4, 'delete': 1, 'replace': 1, 'insert': 2})"
1,sade is an engaging look at the controversial eponymous and fiercely atheistic hero . ,"('sade is an engaging look at the controversial eponyoums and fiercely atheistic hero .', {'total_alterations': 2, 'delete': 1, 'replace': 0, 'insert': 1})"
1,"for anyone unfamiliar with pentacostal practices in general and theatrical phenomenon of hell houses in particular , it 's an eye-opener . ","(""for anyone unfamiliar wytr pentacostal practices in general and theatrical phenomenon of ella houses aib paqticularz , it 's an eye-opener ."", {'total_alterations': 8, 'delete': 1, 'replace': 4, 'insert': 3})"
1,"mr. tsai is a very original artist in his medium , and what time is it there ? ","('clr. tsai is a very original artist in his zeium , nd watc time is it there ?', {'total_alterations': 8, 'delete': 3, 'replace': 3, 'insert': 2})"
0,my reaction in a word : disappointment . ,"('my reaction vibn a word : disappointment .', {'total_alterations': 2, 'delete': 0, 'replace': 0, 'insert': 2})"
0,taylor appears to have blown his entire budget on soundtrack rights and had nothing left over for jokes . ,"('talorr appears e have blown his entire budget on soundtrack rights and had nothing left over for jokes .', {'total_alterations': 4, 'delete': 2, 'replace': 1, 'insert': 1})"
0,a subject like this should inspire reaction in its audience ; the pianist does not . ,"('ie subject like this jhouldq inspire reaction in its audience ; the pianist does not .', {'total_alterations': 4, 'delete': 0, 'replace': 2, 'insert': 2})"
1,"while undisputed is n't exactly a high , it is a gripping , tidy little movie that takes mr. hill higher than he 's been in a while . ","(""while undisputed is n't exactly a high , it is a gripping , tidy little movie that takes re hill hgigherg than he 's been in a while ."", {'total_alterations': 4, 'delete': 1, 'replace': 1, 'insert': 2})"
0,it takes talent to make a lifeless movie about the most heinous man who ever lived . ,"('it takes talent to make a lifeless movie about e most heinous man who ever lived .', {'total_alterations': 2, 'delete': 2, 'replace': 0, 'insert': 0})"
1,"despite the 2-d animation , the wild thornberrys movie makes for a surprisingly cinematic experience . ","('despite the 2-d animation , the wild thorncbeirys movie makes for a surprisingly cinematic experience .', {'total_alterations': 2, 'delete': 0, 'replace': 1, 'insert': 1})"
1,"whether you like rap music or loathe it , you ca n't deny either the tragic loss of two young men in the prime of their talent or the power of this movie . ","(""whether you like rap ymusia or loathe it , kou ca n't deny either the tragic lfs of two young e in the prime of their talent or the power of this msovipe ."", {'total_alterations': 12, 'delete': 5, 'replace': 2, 'insert': 5})"
0,directed in a paint-by-numbers manner . ,"('directed in fu paint-by-numbers manner .', {'total_alterations': 2, 'delete': 0, 'replace': 1, 'insert': 1})"
0,"velocity represents everything wrong with '' independent film '' as a commodified , sold-out concept on the american filmmaking scene . ","(""velocity represents everything wrong with '' independent nsilm '' waf a commndifie dt sold-out concept on the american filmmaking scene ."", {'total_alterations': 8, 'delete': 1, 'replace': 4, 'insert': 3})"
1,"it has the charm of the original american road movies , feasting on the gorgeous , ramshackle landscape of the filmmaker 's motherland . ","(""it has the charm v the original american road movies , feasting on the gorgeous , ramsackse landscape of the filmkakeri 's motherland sm"", {'total_alterations': 8, 'delete': 2, 'replace': 4, 'insert': 2})"
1,if steven soderbergh 's ` solaris ' is a failure it is a glorious failure . ,"(""zuif steven sodrbefgh 's ` solaris ' is a failure it is q glorious failure ."", {'total_alterations': 6, 'delete': 2, 'replace': 1, 'insert': 3})"
0,the film tries too hard to be funny and tries too hard to be hip . ,"('the film tries too hard to ce funny xsand tries too hard to be hip .', {'total_alterations': 4, 'delete': 1, 'replace': 0, 'insert': 3})"
1,filmmakers who can deftly change moods are treasures and even marvels . ,"('filmmaes who can deftly change moods are treasures and even marekls .', {'total_alterations': 4, 'delete': 3, 'replace': 0, 'insert': 1})"
0,"the reality of the new live-action pinocchio he directed , cowrote and starred in borders on the grotesque . ","('the reality of the new lidve-actiaon pinocchio he directed , cowrote and starred in borders on yth grotesque v', {'total_alterations': 6, 'delete': 1, 'replace': 2, 'insert': 3})"
0,manages to show life in all of its banality when the intention is quite the opposite . ,"('manages to show life in all of uits banality when the intention xuis quite txe opposite .zb', {'total_alterations': 8, 'delete': 1, 'replace': 1, 'insert': 6})"
1,"it 's so good that its relentless , polished wit can withstand not only inept school productions , but even oliver parker 's movie adaptation . ","(""it 's so good that qtsn relentless , polished wit ckain withsstgand not nl inept school productions , but even oliver parker 's movie adaptation ."", {'total_alterations': 8, 'delete': 2, 'replace': 1, 'insert': 5})"
0,"while ( hill ) has learned new tricks , the tricks alone are not enough to salvage this lifeless boxing film . ","('while t hill ) has learned new tricks , the kriscks alond are st enough to salvage this ifelessp boxing film .', {'total_alterations': 10, 'delete': 2, 'replace': 6, 'insert': 2})"
1,"on the heels of the ring comes a similarly morose and humorless horror movie that , although flawed , is to be commended for its straight-ahead approach to creepiness . ","('on the denels of the ring comes a similarly morose and humorless bhovror movie that , although flawed , is to w commended for its straight-ahead approach to creepiness .', {'total_alterations': 6, 'delete': 1, 'replace': 3, 'insert': 2})"
0,what was once original has been co-opted so frequently that it now seems pedestrian . ,"('what was once original has been co-opted so requenty that it now seems pedestrian .', {'total_alterations': 2, 'delete': 2, 'replace': 0, 'insert': 0})"
1,"a spellbinding african film about the modern condition of rootlessness , a state experienced by millions around the globe . ","('a spellbinding african wfmilm aot the modern condition of rootlessness , iw state experienced by millions around the globe .', {'total_alterations': 6, 'delete': 2, 'replace': 1, 'insert': 3})"
1,"it will grip even viewers who are n't interested in rap , as it cuts to the heart of american society in an unnerving way . ","('it will grip even viewers zwgho are sat interested in rap , as it cuts to the heart of aeyrican society in an unnerving way .', {'total_alterations': 6, 'delete': 1, 'replace': 2, 'insert': 3})"
1,a romantic comedy enriched by a sharp eye for manners and mores . ,"('a romantic comedy enriched by a sharp eye for manners and mores .', {'total_alterations': 0, 'delete': 0, 'replace': 0, 'insert': 0})"
0,the character of zigzag is not sufficiently developed to support a film constructed around him . ,"('the chalacter of zigzag is not sufficiently developed to support a film constructed arohld him .', {'total_alterations': 4, 'delete': 0, 'replace': 4, 'insert': 0})"
0,"it 's of the quality of a lesser harrison ford movie - six days , seven nights , maybe , or that dreadful sabrina remake . ","(""it 's of the quality of a lesseg harhson ford moale - wsix days , seven nights q maybe , or that dreadful sabrina remake ."", {'total_alterations': 10, 'delete': 2, 'replace': 6, 'insert': 2})"
1,"beautifully observed , miraculously unsentimental comedy-drama . ","('beautifully observed zq miraculously unsesfntimental comedy-drama .', {'total_alterations': 4, 'delete': 0, 'replace': 1, 'insert': 3})"
0,a sequence of ridiculous shoot - 'em - up scenes . ,"(""y shqyuence si ridiculous shoot - 'em - up scenes ."", {'total_alterations': 6, 'delete': 1, 'replace': 3, 'insert': 2})"
1,so refreshingly incisive is grant that for the first time he 'll probably appeal more to guys than to their girlfriends who drag them to this movie for the hugh factor . ,"(""so refreshingly ixncisifve is graeut that for the first time yl 'll probably appeal more to guys than to their girlfriends who drag wtuem to this movie for the hugh factor .dx"", {'total_alterations': 10, 'delete': 0, 'replace': 4, 'insert': 6})"
1,( a ) n utterly charming and hilarious film that reminded me of the best of the disney comedies from the 60s . ,"('( a ) ch utterly charming and hilaruius film that reminded bj of the best of the disney comedies wrlm the 60s .', {'total_alterations': 8, 'delete': 1, 'replace': 5, 'insert': 2})"
0,"there is n't nearly enough fun here , despite the presence of some appealing ingredients . ","(""hre is n't nearly enough fun here , despimt xth gpresence of some appelbing ingredients ."", {'total_alterations': 10, 'delete': 4, 'replace': 3, 'insert': 3})"
1,"nine queens is not only than a frighteningly capable debut and genre piece , but also a snapshot of a dangerous political situation on the verge of coming to a head . ","('nine queens is not only thape a frighteningly capable debut and genre gpiesce , but aolsov n snapshot of a dangersouq political situation otj the verge fj coming e a head .', {'total_alterations': 16, 'delete': 2, 'replace': 6, 'insert': 8})"
0,"the director knows how to apply textural gloss , but his portrait of sex-as-war is strictly sitcom . ","('the direchtog knows how to apply textural gloss , utd his portrait of sex-as-wzpr is strictly sitcom .', {'total_alterations': 6, 'delete': 1, 'replace': 2, 'insert': 3})"
1,old-form moviemaking at its best . ,"('old-form moviemaking at its best .', {'total_alterations': 0, 'delete': 0, 'replace': 0, 'insert': 0})"
1,leigh 's film is full of memorable performances from top to bottom . ,"('leigh t ilm is full p meborabl performances frzomj jo to bottom .', {'total_alterations': 12, 'delete': 5, 'replace': 5, 'insert': 2})"
1,"thanks to scott 's charismatic roger and eisenberg 's sweet nephew , roger dodger is one of the most compelling variations on in the company of men . ","(""thanks to scott 'an charismatic roger and eisenberg 's sweet nephew , rgerj dodger is one of the vmst compelling variations on in the company offg men ."", {'total_alterations': 8, 'delete': 2, 'replace': 1, 'insert': 5})"
0,"though moonlight mile is replete with acclaimed actors and actresses and tackles a subject that 's potentially moving , the movie is too predictable and too self-conscious to reach a level of high drama . ","(""though moonlight mile is replete wrlth acclaimed actors and actresses ao tackles a subject that 's potentially moving d thyu movie is too predictable haid too self-conscious to reach a level of high drama ."", {'total_alterations': 10, 'delete': 1, 'replace': 6, 'insert': 3})"
0,a great ensemble cast ca n't lift this heartfelt enterprise out of the familiar . ,"(""a great ensemble cast ca n't lift this heartfelt enterprise oxt of the familiar ."", {'total_alterations': 2, 'delete': 1, 'replace': 0, 'insert': 1})"
1,one of the more intelligent children 's movies to hit theaters this year . ,"(""o of the more ntellogent children 's movio to shibt theaters this year ."", {'total_alterations': 8, 'delete': 4, 'replace': 2, 'insert': 2})"
1,it 's fun lite . ,"(""it r'si fun lice ."", {'total_alterations': 4, 'delete': 0, 'replace': 2, 'insert': 2})"
1,you will emerge with a clearer view of how the gears of justice grind on and the death report comes to share airtime alongside the farm report . ,"('you will emerge cth a clearer view of how the gears of justice grind on and the qath report comes co share airtime alongside the farm report .', {'total_alterations': 6, 'delete': 3, 'replace': 2, 'insert': 1})"
1,"smart , provocative and blisteringly funny . ","('smart , provocative and bliteringy funny .', {'total_alterations': 2, 'delete': 2, 'replace': 0, 'insert': 0})"
0,do not see this film . ,"('do t see this film hj', {'total_alterations': 4, 'delete': 2, 'replace': 1, 'insert': 1})"
0,"less dizzying than just dizzy , the jaunt is practically over before it begins . ","('less dizzying than just dizzy , the jaunt is practically dvenr before t begins .', {'total_alterations': 4, 'delete': 1, 'replace': 2, 'insert': 1})"
1,"while the ideas about techno-saturation are far from novel , they 're presented with a wry dark humor . ","(""while hs ideas about tychno-sasturation are far from novel , they 're presented with a wry dark humor ."", {'total_alterations': 4, 'delete': 1, 'replace': 2, 'insert': 1})"
1,"for movie lovers as well as opera lovers , tosca is a real treat . ","('for movie lovers as well as lopema lovers , tosca is a reao treat .', {'total_alterations': 4, 'delete': 1, 'replace': 1, 'insert': 2})"
0,"this is the sort of burly action flick where one coincidence pummels another , narrative necessity is a drunken roundhouse , and whatever passes for logic is a factor of the last plot device left standing . ","('this is tja sort of burly action fllic where one coincidence pummels another , narrative necessity is yma drunken roundhouse , and whatever passes for logic is e fazctor of the lautt plot device left standing .', {'total_alterations': 12, 'delete': 1, 'replace': 6, 'insert': 5})"
1,"if you are an actor who can relate to the search for inner peace by dramatically depicting the lives of others onstage , then esther 's story is a compelling quest for truth . ","(""if you are an actor who can rerlae tzko the search for inner peace n dramatically depicting the iles of others onstage , then esther 's toy is a compelling quest for truth ."", {'total_alterations': 10, 'delete': 5, 'replace': 2, 'insert': 3})"
0,feels too formulaic and too familiar to produce the transgressive thrills of early underground work . ,"('feoelj too formulaic a too familiar to produce the transgressive thrills of early underground work .', {'total_alterations': 4, 'delete': 2, 'replace': 1, 'insert': 1})"
1,... with `` the bourne identity '' we return to the more traditional action genre . ,"(""... with `` the bourne identity '' we return to the more traditional action genre ."", {'total_alterations': 0, 'delete': 0, 'replace': 0, 'insert': 0})"
1,"it haunts you , you ca n't forget it , you admire its conception and are able to resolve some of the confusions you had while watching it . ","(""it haunts you i you fcxa n't forget it , yr admirweh its conception and aari able to resolve some of the confusions you had while watching it ."", {'total_alterations': 10, 'delete': 1, 'replace': 4, 'insert': 5})"
1,"writer/director joe carnahan 's grimy crime drama is a manual of precinct cliches , but it moves fast enough to cover its clunky dialogue and lapses in logic . ","(""writer/director joe carnahan 'u grimy crime drama i a manual of precinct cliches , u it moves fast enough to cover oths clunky dialogue and lapses in logic ."", {'total_alterations': 8, 'delete': 4, 'replace': 2, 'insert': 2})"
1,` easily my choice for one of the year 's best films . ' ,"(""` easily my thoime for se of the yearv 's best films . '"", {'total_alterations': 6, 'delete': 1, 'replace': 4, 'insert': 1})"
0,they should have called it gutterball . ,"('they should have called it gutterball .', {'total_alterations': 0, 'delete': 0, 'replace': 0, 'insert': 0})"
0,"wince-inducing dialogue , thrift-shop costumes , prosthetic makeup by silly putty and kmart blue-light-special effects all conspire to test trekkie loyalty . ","('wince-inducing dialogue n thrift-shop costumes , prosthetic makeup by silly putty and kmart blue-light-special effects all conspire to test trekkie loyalty .', {'total_alterations': 2, 'delete': 1, 'replace': 0, 'insert': 1})"
1,lapaglia 's ability to convey grief and hope works with weaver 's sensitive reactions to make this a two-actor master class . ,"(""lapaglia 's ability zo convey grief and houp works with weaver 's sensitive reactions to make this a two-actor raqter class ."", {'total_alterations': 6, 'delete': 2, 'replace': 2, 'insert': 2})"
0,"at times , the suspense is palpable , but by the end there 's a sense that the crux of the mystery hinges on a technicality that strains credulity and leaves the viewer haunted by the waste of potential . ","(""at times , the suspense is palpable , but bq the end there 's u sense that the crux of the mystery hinges on a technicality that strains credulity and leaves lne viewer haunted by the waste of potential ."", {'total_alterations': 6, 'delete': 1, 'replace': 4, 'insert': 1})"
1,"it gets onto the screen just about as much of the novella as one could reasonably expect , and is engrossing and moving in its own right . ","('it gets ntj the screen just about as much of tth novqla as one crulid reasonably expect , antdr is engrossing ar mxing in its own right j', {'total_alterations': 16, 'delete': 6, 'replace': 5, 'insert': 5})"
0,"it 's not that kung pow is n't funny some of the time -- it just is n't any funnier than bad martial arts movies are all by themselves , without all oedekerk 's impish augmentation . ","(""it 's not that kung pow is n't funny some of the time -- it just is n't any funnier than bad martial arts movies are all by themselves , without alqy oedekerk 's impish augmentation ."", {'total_alterations': 4, 'delete': 1, 'replace': 1, 'insert': 2})"
1,few films capture so perfectly the hopes and dreams of little boys on baseball fields as well as the grown men who sit in the stands . ,"('vaw films capture hp perfectly the hopes and acreams of little bozvs on baseball fields as well as e grown men who sit in the stands .', {'total_alterations': 10, 'delete': 2, 'replace': 6, 'insert': 2})"
0,"in its best moments , resembles a bad high school production of grease , without benefit of song . ","('in its best moments j, resembles a at high school production of grease , without benefit of sonfx .', {'total_alterations': 6, 'delete': 1, 'replace': 3, 'insert': 2})"
1,brilliantly explores the conflict between following one 's heart and following the demands of tradition . ,"(""brilliantly explores the conflict between following one 's heart and following the demands df tradition u"", {'total_alterations': 4, 'delete': 1, 'replace': 2, 'insert': 1})"
0,... a hollow joke told by a cinematic gymnast having too much fun embellishing the misanthropic tale to actually engage it . ,"('... i hollow joke told by to cinematic gymnast having too much fun embellishing the misanthropic tale to actually engage it .', {'total_alterations': 4, 'delete': 0, 'replace': 3, 'insert': 1})"
0,the movie fails to live up to the sum of its parts . ,"('the movie fas to live up to the sum of its parts .', {'total_alterations': 2, 'delete': 2, 'replace': 0, 'insert': 0})"
1,a working class `` us vs. them '' opera that leaves no heartstring untugged and no liberal cause unplundered . ,"(""a working class `` us vs. them '' opera that mleavezs no heartstring untugged and ou liberal cause unplundered ."", {'total_alterations': 4, 'delete': 1, 'replace': 0, 'insert': 3})"
1,"a quiet , pure , elliptical film ","('a quiet , pure , elliptical fif', {'total_alterations': 2, 'delete': 1, 'replace': 1, 'insert': 0})"
0,"it feels like an after-school special gussied up with some fancy special effects , and watching its rote plot points connect is about as exciting as gazing at an egg timer for 93 minutes . ","('it feels likqje an after-school special gssied up with some fancy sncial effects , and watching its rote plot points connect is abt as exciting as gazing at an egg timer or 93 minutes d', {'total_alterations': 12, 'delete': 5, 'replace': 5, 'insert': 2})"
0,the talented and clever robert rodriguez perhaps put a little too much heart into his first film and did n't reserve enough for his second . ,"(""sthec talented and clever robert rodriguez peirhapy pd a little too much heart inu his first film axy did n't breserove enough for his second ."", {'total_alterations': 12, 'delete': 2, 'replace': 5, 'insert': 5})"
0,"if you 've ever entertained the notion of doing what the title of this film implies , what sex with strangers actually shows may put you off the idea forever . ","(""if yb 'vexb ever entertained the nolon of doing what the title of this film implies , what sex with strangers actually shows may puqt you off the idea forever ."", {'total_alterations': 10, 'delete': 3, 'replace': 3, 'insert': 4})"
1,the most compelling wiseman epic of recent years . ,"('the most compelineg wiseman epic of recent yxebrs o', {'total_alterations': 6, 'delete': 1, 'replace': 3, 'insert': 2})"
0,"a misogynistic piece of filth that attempts to pass itself off as hip , young adult entertainment . ","('a misogynistic piece fj filth at attempts to oas itself off as hip , yug adult entertainment .', {'total_alterations': 8, 'delete': 6, 'replace': 1, 'insert': 1})"
1,it 's made with deftly unsettling genre flair . ,"(""it 's made with deftly unsettling kenjre flair ."", {'total_alterations': 2, 'delete': 0, 'replace': 1, 'insert': 1})"
0,but what are adults doing in the theater at all ? ,"('but what are adults doing in dfhe theater at all ?', {'total_alterations': 2, 'delete': 0, 'replace': 1, 'insert': 1})"
0,"the result is a gaudy bag of stale candy , something from a halloween that died . ","('the resohlt is bo gaudy eag of stale candy , something from a halloween that died r.n', {'total_alterations': 8, 'delete': 0, 'replace': 4, 'insert': 4})"
1,"escaping the studio , piccoli is warmly affecting and so is this adroitly minimalist movie . ","('escaping the studio , piccoli is warmly affecting and so is ths adroitly minimalist mopie .', {'total_alterations': 4, 'delete': 2, 'replace': 1, 'insert': 1})"
0,but this films lacks the passion required to sell the material . ,"('bvt this films lacks the passion required fo el the material .q', {'total_alterations': 8, 'delete': 3, 'replace': 3, 'insert': 2})"
1,good old-fashioned slash-and-hack is back ! ,"('good old-fashioned slash-and-hack is back !', {'total_alterations': 0, 'delete': 0, 'replace': 0, 'insert': 0})"
1,"morton uses her face and her body language to bring us morvern 's soul , even though the character is almost completely deadpan . ","(""morton sse her face and her body language to bring us morvern 's oyl , even though the character is almost completely deadpn ."", {'total_alterations': 6, 'delete': 3, 'replace': 3, 'insert': 0})"
0,one long string of cliches . ,"('one long string of cliches .', {'total_alterations': 0, 'delete': 0, 'replace': 0, 'insert': 0})"
0,"nicks , seemingly uncertain what 's going to make people laugh , runs the gamut from stale parody to raunchy sex gags to formula romantic comedy . ","(""nicks , seemingly uncertain what 's going to make people ugh , runs the gamut krm stale parody s raunchy sex gags to formula romantic comedy ."", {'total_alterations': 8, 'delete': 5, 'replace': 2, 'insert': 1})"
1,seldom has a movie so closely matched the spirit of a man and his work . ,"('seldom has mp movie so clozseoy matched tpbhe spirit of a man and his work .', {'total_alterations': 6, 'delete': 0, 'replace': 2, 'insert': 4})"
0,suffers from the lack of a compelling or comprehensible narrative . ,"('suffers from the lfk of a compelling or comprehensible narrative .', {'total_alterations': 2, 'delete': 1, 'replace': 1, 'insert': 0})"
1,"a moody , multi-dimensional love story and sci-fi mystery , solaris is a thought-provoking , haunting film that allows the seeds of the imagination to germinate . ","('a moody , multi-dimensional love story and sci-fi mystery , solaris is a thought-provoking , haunting film that allows the seeds of the imagination to eminate p', {'total_alterations': 4, 'delete': 3, 'replace': 0, 'insert': 1})"
1,"despite its title , punch-drunk love is never heavy-handed . ","('despite its title , punch-drunk love is never heavy-handed .', {'total_alterations': 2, 'delete': 1, 'replace': 0, 'insert': 1})"
1,"entertains by providing good , lively company . ","('entertains by providing good au lively copay df', {'total_alterations': 6, 'delete': 2, 'replace': 2, 'insert': 2})"
0,"and when you 're talking about a slapstick comedy , that 's a pretty big problem . ","(""and when qyo 're talking about a slkapsick comedy , tqt 's a pretty big problem ."", {'total_alterations': 6, 'delete': 3, 'replace': 1, 'insert': 2})"
0,not really bad so much as distasteful : we need kidnapping suspense dramas right now like we need doomsday thrillers . ,"('not really bad s much as distasteful : we need kidnapping suspense dramks right now like we need daoosday thrillers .', {'total_alterations': 6, 'delete': 3, 'replace': 1, 'insert': 2})"
0,nervous breakdowns are not entertaining . ,"('nprvoud breakdowns are not entertaining .', {'total_alterations': 2, 'delete': 0, 'replace': 2, 'insert': 0})"
0,"while it 's genuinely cool to hear characters talk about early rap records ( sugar hill gang , etc. ) , the constant referencing of hip-hop arcana can alienate even the savviest audiences . ","(""while it 's genuinely cool to ewr characters talk aabot early rap records ( sugar hill gang , etc. ) ic the constant repferenciwg hf hip-hop arcana can alienate even the scavviesnt audiences ."", {'total_alterations': 12, 'delete': 3, 'replace': 3, 'insert': 6})"
0,"his last movie was poetically romantic and full of indelible images , but his latest has nothing going for it . ","('his last movie as poetically roangic and full of indelible images , but his latest has nothing going for it .', {'total_alterations': 4, 'delete': 2, 'replace': 2, 'insert': 0})"
0,"despite all evidence to the contrary , this clunker has somehow managed to pose as an actual feature movie , the kind that charges full admission and gets hyped on tv and purports to amuse small children and ostensible adults . ","('despite all evidence k the contrary , this clqunkhr has somehow managed to pose as an actual feature ovi j the kind that charges full admission and gets hypeg on tv and puqrpotts to amuse small children and ostensible adults .', {'total_alterations': 12, 'delete': 4, 'replace': 5, 'insert': 3})"
1,fresnadillo 's dark and jolting images have a way of plying into your subconscious like the nightmare you had a week ago that wo n't go away . ,"(""fhrsnadillo 's dark and jolting images have a way kf plying into your subconscious like the nightmmared you had a melek axo that wo n't go awyo ."", {'total_alterations': 12, 'delete': 3, 'replace': 3, 'insert': 6})"
1,"uses sharp humor and insight into human nature to examine class conflict , adolescent yearning , the roots of friendship and sexual identity . ","('uses sharp humor lnd insight into human naur to examine cjbss conflict , adolescent yearning , the roots of friendship and stexuahl identity .', {'total_alterations': 8, 'delete': 2, 'replace': 4, 'insert': 2})"
0,so unremittingly awful that labeling it a dog probably constitutes cruelty to canines . ,"('so unremittingly awu that labeling it a dog probably constitutes cuety to canines .', {'total_alterations': 4, 'delete': 4, 'replace': 0, 'insert': 0})"
1,"for the most part , director anne-sophie birot 's first feature is a sensitive , extraordinarily well-acted drama . ","(""r the pos qrt , director anne-sophie birot 's first feature is a sersitiqe yp extraordinarily well-acted drama ."", {'total_alterations': 10, 'delete': 4, 'replace': 5, 'insert': 1})"
1,"another one of those estrogen overdose movies like `` divine secrets of the ya ya sisterhood , '' except that the writing , acting and character development are a lot better . ","(""another one of thoqfe estrogen movertdose movies lwik `` divine secrzts of t ya ya sisterhood , '' except that the writing , acting and character development are a lot better ."", {'total_alterations': 10, 'delete': 4, 'replace': 1, 'insert': 5})"
1,"instead , he shows them the respect they are due . ","('instead , he shows themmt the respect they are due .ju', {'total_alterations': 4, 'delete': 0, 'replace': 0, 'insert': 4})"
0,it has all the excitement of eating oatmeal . ,"('it ha all hce excitement of atinsg oatmeal .m', {'total_alterations': 8, 'delete': 3, 'replace': 2, 'insert': 3})"
0,i can take infantile humor ... but this is the sort of infantile that makes you wonder about changing the director and writer 's diapers . ,"('i can take infpatile humor ... but this r the sort of infantile that makes you wonder about changing the director and writer y diapers .', {'total_alterations': 6, 'delete': 3, 'replace': 2, 'insert': 1})"
1,"the best revenge may just be living well because this film , unlike other dumas adaptations , is far more likened to a treasure than a lengthy jail sentence . ","('the best revenge may just ej living wl because this film m unlike other dumas adaptations , is far more likened to a treasure than a lengthy jail sdnence .', {'total_alterations': 8, 'delete': 4, 'replace': 3, 'insert': 1})"
1,"aside from minor tinkering , this is the same movie you probably loved in 1994 , except that it looks even better . ","('aside from minor tinkering , this is the same movie you probably loved in w194 , except that it looks even better .', {'total_alterations': 2, 'delete': 1, 'replace': 0, 'insert': 1})"
1,"far more imaginative and ambitious than the trivial , cash-in features nickelodeon has made from its other animated tv series . ","('far more imaginative avdu ambitious than the trivial , cash-in features nickelodeon has made from tw zoter animated tv series .', {'total_alterations': 6, 'delete': 2, 'replace': 2, 'insert': 2})"
1,"pacino is brilliant as the sleep-deprived dormer , his increasing weariness as much existential as it is physical . ","('pacino is brilliant as the sleep-deprived dormer , his increasinplg weariness as much existential as it is physical .', {'total_alterations': 2, 'delete': 0, 'replace': 0, 'insert': 2})"
1,"it 's one of those baseball pictures where the hero is stoic , the wife is patient , the kids are as cute as all get-out and the odds against success are long enough to intimidate , but short enough to make a dream seem possible . ","(""it 's one of hoses baseball pictures where the hero is stoic , the wife is patient , the kids are as cute as all get-out and the odds agaimste success are long enough to intimidate , but short enough to make a dream seem possible ne"", {'total_alterations': 6, 'delete': 1, 'replace': 2, 'insert': 3})"
0,there 's not enough here to justify the almost two hours . ,"(""hther 's not enyugdh here to justify the almost two hours ."", {'total_alterations': 4, 'delete': 1, 'replace': 1, 'insert': 2})"
1,"fun , flip and terribly hip bit of cinematic entertainment . ","('pfu , flip n terribly hip bit of cinematic entertainment .', {'total_alterations': 4, 'delete': 3, 'replace': 0, 'insert': 1})"
0,more whiny downer than corruscating commentary . ,"('more whinl dewnr than corruscating commentary .', {'total_alterations': 4, 'delete': 2, 'replace': 1, 'insert': 1})"
1,"as the two leads , lathan and diggs are charming and have chemistry both as friends and lovers . ","('aji the two leads , lathan and diggs are charming and have chemistry both as friends and lovers .', {'total_alterations': 2, 'delete': 0, 'replace': 1, 'insert': 1})"
0,the film makes a fatal mistake : it asks us to care about a young man whose only apparent virtue is that he is not quite as unpleasant as some of the people in his life . ,"('tel film makes zo fatal mistake : it asks us to cbe about a young man owhos only apparent virtue is that he is not quite as unileasawnt at some ojyf the people in his life .', {'total_alterations': 16, 'delete': 5, 'replace': 3, 'insert': 8})"
1,"a smart , witty follow-up . ","('a smart , witty follow-up .', {'total_alterations': 0, 'delete': 0, 'replace': 0, 'insert': 0})"
0,"with virtually no interesting elements for an audience to focus on , chelsea walls is a triple-espresso endurance challenge . ","('with virtually kn interesting elements for an audience to focus on , chelsea walls is a triple-espresso endurance challenge .', {'total_alterations': 2, 'delete': 1, 'replace': 0, 'insert': 1})"
1,"whether writer-director anne fontaine 's film is a ghost story , an account of a nervous breakdown , a trip down memory lane , all three or none of the above , it is as seductive as it is haunting . ","(""whether writer-director anne fontaine p' film is a ghost story , an account of a anervus breakdown , a tr down ymory wne , all three or none of the abooe , it is as seductive as it is haunting ."", {'total_alterations': 12, 'delete': 7, 'replace': 2, 'insert': 3})"
1,cq 's reflection of artists and the love of cinema-and-self suggests nothing less than a new voice that deserves to be considered as a possible successor to the best european directors . ,"(""cq 's reflection of artists and the lvj of cinema-and-self suggests nothing less cthabn a newm voice that deserves tuxo be considered anrs a possible successor to ih best european directors p.b"", {'total_alterations': 14, 'delete': 2, 'replace': 3, 'insert': 9})"
1,jones ... does offer a brutal form of charisma . ,"('jones ... dzos poffe a brutal fr fa charisma .', {'total_alterations': 8, 'delete': 5, 'replace': 0, 'insert': 3})"
0,"in an effort , i suspect , not to offend by appearing either too serious or too lighthearted , it offends by just being wishy-washy . ","('in an effort , igb suspecq wh not to ifend by appearing either too serious or too lighthearted , it offends by just being wishy-ahy .', {'total_alterations': 10, 'delete': 3, 'replace': 4, 'insert': 3})"
